customer_id,first_name,last_name,email,city,state
1,Debra,Burks,debra.burks@yahoo.com,Orchard Park,NY
2,Kasha,Todd,kasha.todd@yahoo.com,Campbell,CA
3,Tameka,Fisher,tameka.fisher@aol.com,Redondo Beach,CA
4,Daryl,Spence,daryl.spence@aol.com,Uniondale,NY
5,Charolette,Rice,charolette.rice@msn.com,Sacramento,CA
6,Lyndsey,Bean,lyndsey.bean@hotmail.com,Fairport,NY
7,Latasha,Hays,latasha.hays@hotmail.com,Buffalo,NY
8,Jacquline,Duncan,jacquline.duncan@yahoo.com,Jackson Heights,NY
9,Genoveva,Baldwin,genoveva.baldwin@msn.com,Port Washington,NY
10,Pamelia,Newman,pamelia.newman@gmail.com,Monroe,NY
11,Deshawn,Mendoza,deshawn.mendoza@yahoo.com,Monsey,NY
12,Robby,Sykes,robby.sykes@hotmail.com,Hempstead,NY
13,Lashawn,Ortiz,lashawn.ortiz@msn.com,Longview,TX
14,Garry,Espinoza,garry.espinoza@hotmail.com,Forney,TX
15,Linnie,Branch,linnie.branch@gmail.com,Plattsburgh,NY
16,Emmitt,Sanchez,emmitt.sanchez@hotmail.com,New York,NY
17,Caren,Stephens,caren.stephens@msn.com,Scarsdale,NY
18,Georgetta,Hardin,georgetta.hardin@aol.com,Canandaigua,NY
19,Lizzette,Stein,lizzette.stein@yahoo.com,Orchard Park,NY
20,Aleta,Shepard,aleta.shepard@aol.com,Sugar Land,TX
21,Tobie,Little,tobie.little@gmail.com,Victoria,TX
22,Adelle,Larsen,adelle.larsen@gmail.com,East Northport,NY
23,Kaylee,English,kaylee.english@msn.com,Hollis,NY
24,Corene,Wall,corene.wall@msn.com,Atwater,CA
25,Regenia,Vaughan,regenia.vaughan@gmail.com,Mahopac,NY
26,Theo,Reese,theo.reese@gmail.com,Long Beach,NY
27,Santos,Valencia,santos.valencia@yahoo.com,Sunnyside,NY
28,Jeanice,Frost,jeanice.frost@hotmail.com,Ossining,NY
29,Syreeta,Hendricks,syreeta.hendricks@msn.com,Mahopac,NY
30,Jamaal,Albert,jamaal.albert@gmail.com,Torrance,CA
31,Williemae,Holloway,williemae.holloway@msn.com,Oakland,CA
32,Araceli,Golden,araceli.golden@msn.com,Fullerton,CA
33,Deloris,Burke,deloris.burke@hotmail.com,Palos Verdes Peninsula,CA
34,Brittney,Woodward,brittney.woodward@aol.com,East Northport,NY
35,Guillermina,Noble,guillermina.noble@msn.com,Baldwinsville,NY
36,Bernita,Mcdaniel,bernita.mcdaniel@hotmail.com,Liverpool,NY
37,Melia,Brady,melia.brady@gmail.com,Maspeth,NY
38,Zelma,Browning,zelma.browning@aol.com,Astoria,NY
39,Janetta,Aguirre,janetta.aguirre@aol.com,Lancaster,NY
40,Ronna,Butler,ronna.butler@gmail.com,Encino,CA
41,Kathie,Freeman,kathie.freeman@msn.com,Queensbury,NY
42,Tangela,Quinn,tangela.quinn@aol.com,Richmond Hill,NY
43,Mozelle,Carter,mozelle.carter@aol.com,Houston,TX
44,Onita,Johns,onita.johns@msn.com,Elmont,NY
45,Bennett,Armstrong,bennett.armstrong@aol.com,Bethpage,NY
46,Monika,Berg,monika.berg@gmail.com,Encino,CA
47,Bridgette,Guerra,bridgette.guerra@hotmail.com,San Lorenzo,CA
48,Cesar,Jackson,cesar.jackson@gmail.com,Liverpool,NY
49,Caroll,Hays,caroll.hays@yahoo.com,Fairport,NY
50,Cleotilde,Booth,cleotilde.booth@gmail.com,Sugar Land,TX
51,Gertrud,Rhodes,gertrud.rhodes@aol.com,Merrick,NY
52,Tu,Ramirez,tu.ramirez@hotmail.com,East Elmhurst,NY
53,Saturnina,Garner,saturnina.garner@gmail.com,Glendora,CA
54,Fran,Yang,fran.yang@hotmail.com,Utica,NY
55,Diana,Guerra,diana.guerra@hotmail.com,Merrick,NY
56,Lolita,Mosley,lolita.mosley@hotmail.com,Houston,TX
57,Pamala,Henry,pamala.henry@aol.com,Bronx,NY
58,Damien,Dorsey,damien.dorsey@yahoo.com,Central Islip,NY
59,Latasha,Stanley,latasha.stanley@gmail.com,Rockville Centre,NY
60,Neil,Mccall,neil.mccall@gmail.com,San Carlos,CA
61,Elinore,Aguilar,elinore.aguilar@msn.com,San Angelo,TX
62,Alica,Hunter,alica.hunter@hotmail.com,East Elmhurst,NY
63,Tenisha,Lyons,tenisha.lyons@aol.com,Amityville,NY
64,Bobbie,Foster,bobbie.foster@yahoo.com,Desoto,TX
65,Kanesha,Vega,kanesha.vega@gmail.com,Rome,NY
66,Lorrie,Becker,lorrie.becker@yahoo.com,Garland,TX
67,Tommie,Melton,tommie.melton@gmail.com,Sacramento,CA
68,Jayne,Kirkland,jayne.kirkland@hotmail.com,Rowlett,TX
69,Katelin,Kennedy,katelin.kennedy@gmail.com,Rocklin,CA
70,Tomasa,Carson,tomasa.carson@aol.com,East Elmhurst,NY
71,Takako,Casey,takako.casey@aol.com,Bronx,NY
72,Petronila,Norris,petronila.norris@aol.com,South El Monte,CA
73,Melanie,Hayes,melanie.hayes@msn.com,Liverpool,NY
74,Georgeann,Waller,georgeann.waller@yahoo.com,North Tonawanda,NY
75,Abby,Gamble,abby.gamble@aol.com,Amityville,NY
76,Parker,Prince,parker.prince@hotmail.com,Port Jefferson Station,NY
77,Keri,Bridges,keri.bridges@gmail.com,Richardson,TX
78,Chi,Goff,chi.goff@aol.com,Palos Verdes Peninsula,CA
79,Ashanti,Parks,ashanti.parks@hotmail.com,Baldwin,NY
80,Sarai,Mckee,sarai.mckee@msn.com,Buffalo,NY
81,Zina,Bonner,zina.bonner@hotmail.com,San Lorenzo,CA
82,Lizzie,Joyner,lizzie.joyner@msn.com,Coachella,CA
83,Tiesha,Daniel,tiesha.daniel@yahoo.com,Scarsdale,NY
84,Armand,Whitehead,armand.whitehead@hotmail.com,Lindenhurst,NY
85,Teofila,Fischer,teofila.fischer@aol.com,Huntington Station,NY
86,Lissa,Vargas,lissa.vargas@yahoo.com,Oswego,NY
87,Yan,Mcgowan,yan.mcgowan@msn.com,Duarte,CA
88,Titus,Bullock,titus.bullock@gmail.com,Hollis,NY
89,Arvilla,Osborn,arvilla.osborn@gmail.com,Upland,CA
90,Marjorie,Logan,marjorie.logan@msn.com,Franklin Square,NY
91,Marvin,Mullins,marvin.mullins@aol.com,San Diego,CA
92,Tena,Cruz,tena.cruz@yahoo.com,Farmingdale,NY
93,Corrina,Sawyer,corrina.sawyer@yahoo.com,Troy,NY
94,Sharyn,Hopkins,sharyn.hopkins@hotmail.com,Baldwinsville,NY
95,Letitia,Franco,letitia.franco@aol.com,Saratoga Springs,NY
96,Floretta,Higgins,floretta.higgins@hotmail.com,Bayside,NY
97,Louanne,Martin,louanne.martin@hotmail.com,Yuba City,CA
98,Violet,Valenzuela,violet.valenzuela@msn.com,Plattsburgh,NY
99,Carie,Kidd,carie.kidd@yahoo.com,Monroe,NY
100,Kellie,Franco,kellie.franco@yahoo.com,Commack,NY
101,Nichelle,Howell,nichelle.howell@aol.com,Scarsdale,NY
102,Marisol,Goodman,marisol.goodman@gmail.com,Canandaigua,NY
103,Sylvie,Wilkerson,sylvie.wilkerson@yahoo.com,Syosset,NY
104,Katharina,Bates,katharina.bates@gmail.com,Campbell,CA
105,Marget,Hodge,marget.hodge@msn.com,Woodhaven,NY
106,Raul,Melendez,raul.melendez@hotmail.com,Elmhurst,NY
107,Cecil,Hopper,cecil.hopper@yahoo.com,Central Islip,NY
108,Shae,Hickman,shae.hickman@hotmail.com,Floral Park,NY
109,Monica,Sears,monica.sears@aol.com,San Jose,CA
110,Ollie,Zimmerman,ollie.zimmerman@yahoo.com,Anaheim,CA
111,Shila,White,shila.white@msn.com,Orchard Park,NY
112,Yuk,Vega,yuk.vega@yahoo.com,West Hempstead,NY
113,Eliana,Silva,eliana.silva@gmail.com,Farmingdale,NY
114,Thalia,Horne,thalia.horne@yahoo.com,Amityville,NY
115,Rey,Lindsay,rey.lindsay@gmail.com,Monroe,NY
116,Merlene,Vinson,merlene.vinson@gmail.com,Euless,TX
117,Dacia,William,dacia.william@msn.com,Sugar Land,TX
118,Le,Wood,le.wood@yahoo.com,Pittsford,NY
119,Thalia,Dillard,thalia.dillard@yahoo.com,San Angelo,TX
120,Luz,House,luz.house@gmail.com,Fresno,CA
121,Lucy,Woods,lucy.woods@gmail.com,Palos Verdes Peninsula,CA
122,Shena,Carter,shena.carter@yahoo.com,Howard Beach,NY
123,Robena,Hill,robena.hill@hotmail.com,Corpus Christi,TX
124,Jeni,Booker,jeni.booker@gmail.com,South El Monte,CA
125,Herlinda,Stone,herlinda.stone@msn.com,Canandaigua,NY
126,Lavina,Dejesus,lavina.dejesus@msn.com,Newburgh,NY
127,Erlinda,Nielsen,erlinda.nielsen@aol.com,Maspeth,NY
128,Terrance,Lynn,terrance.lynn@yahoo.com,Plattsburgh,NY
129,Walton,Dejesus,walton.dejesus@yahoo.com,Lockport,NY
130,Wes,Stanton,wes.stanton@msn.com,Troy,NY
131,Tanesha,Hampton,tanesha.hampton@hotmail.com,Syosset,NY
132,Boyd,Irwin,boyd.irwin@hotmail.com,Hamburg,NY
133,Delbert,Wilkins,delbert.wilkins@aol.com,Coram,NY
134,Brianna,Moss,brianna.moss@msn.com,Hempstead,NY
135,Dorthey,Jackson,dorthey.jackson@msn.com,Houston,TX
136,Sarita,Parks,sarita.parks@msn.com,Forney,TX
137,Shonta,Mercer,shonta.mercer@aol.com,Massapequa,NY
138,Jone,Bernard,jone.bernard@hotmail.com,Anaheim,CA
139,Wanita,Davenport,wanita.davenport@aol.com,Spring Valley,NY
140,Cleopatra,Tate,cleopatra.tate@aol.com,East Elmhurst,NY
141,Ramiro,Byers,ramiro.byers@gmail.com,Saint Albans,NY
142,Nicholas,Vazquez,nicholas.vazquez@hotmail.com,West Hempstead,NY
143,Janae,Doyle,janae.doyle@gmail.com,Jackson Heights,NY
144,Hans,Price,hans.price@hotmail.com,Port Chester,NY
145,Miquel,Neal,miquel.neal@hotmail.com,Staten Island,NY
146,Stefany,Potter,stefany.potter@gmail.com,Saratoga Springs,NY
147,Bernetta,Marquez,bernetta.marquez@hotmail.com,Smithtown,NY
148,Julee,Woodard,julee.woodard@yahoo.com,Richmond Hill,NY
149,Meredith,Bryan,meredith.bryan@hotmail.com,Spring Valley,NY
150,Weldon,Michael,weldon.michael@hotmail.com,Huntington,NY
151,Joesph,Delacruz,joesph.delacruz@aol.com,Atwater,CA
152,Katherina,Odom,katherina.odom@yahoo.com,Plainview,NY
153,Laraine,Robbins,laraine.robbins@yahoo.com,San Angelo,TX
154,Jenise,Preston,jenise.preston@yahoo.com,Helotes,TX
155,Lory,Page,lory.page@hotmail.com,Bay Shore,NY
156,Charlyn,Cantrell,charlyn.cantrell@yahoo.com,West Islip,NY
157,Carola,Rodriquez,carola.rodriquez@hotmail.com,Banning,CA
158,Alane,Kennedy,alane.kennedy@yahoo.com,Spring Valley,NY
159,Regina,Burns,regina.burns@aol.com,Garland,TX
160,Omer,Estrada,omer.estrada@gmail.com,Rowlett,TX
161,Crystle,Gilliam,crystle.gilliam@yahoo.com,Smithtown,NY
162,Kam,Wilder,kam.wilder@hotmail.com,Newburgh,NY
163,Margert,Stevens,margert.stevens@aol.com,Rome,NY
164,Tomika,Larson,tomika.larson@yahoo.com,Woodside,NY
165,Jeromy,Burch,jeromy.burch@msn.com,San Jose,CA
166,Lena,Mills,lena.mills@yahoo.com,Woodhaven,NY
167,Loreta,Johnston,loreta.johnston@yahoo.com,Spring Valley,NY
168,Nettie,Mcdaniel,nettie.mcdaniel@hotmail.com,South Ozone Park,NY
169,Karla,Kirk,karla.kirk@yahoo.com,Palos Verdes Peninsula,CA
170,Regine,Gonzales,regine.gonzales@gmail.com,Oxnard,CA
171,Miriam,Baker,miriam.baker@hotmail.com,Uniondale,NY
172,Jeanie,Kirkland,jeanie.kirkland@aol.com,Santa Clara,CA
173,Marquerite,Dawson,marquerite.dawson@gmail.com,Garland,TX
174,Babara,Ochoa,babara.ochoa@aol.com,Scarsdale,NY
175,Nova,Hess,nova.hess@msn.com,Duarte,CA
176,Carley,Reynolds,carley.reynolds@gmail.com,South El Monte,CA
177,Carissa,Foreman,carissa.foreman@msn.com,Maspeth,NY
178,Genoveva,Tyler,genoveva.tyler@gmail.com,New York,NY
179,Deane,Sears,deane.sears@hotmail.com,Pittsford,NY
180,Karey,Steele,karey.steele@gmail.com,Farmingdale,NY
181,Olevia,Pitts,olevia.pitts@gmail.com,Redondo Beach,CA
182,Jenniffer,Bullock,jenniffer.bullock@msn.com,Bay Shore,NY
183,Jeniffer,Ratliff,jeniffer.ratliff@gmail.com,Floral Park,NY
184,Klara,Stanley,klara.stanley@aol.com,Webster,NY
185,Morton,Lee,morton.lee@yahoo.com,San Angelo,TX
186,Ken,Charles,ken.charles@msn.com,Monsey,NY
187,Hedwig,Paul,hedwig.paul@msn.com,Apple Valley,CA
188,Sharla,Flynn,sharla.flynn@hotmail.com,Oxnard,CA
189,Damian,Dawson,damian.dawson@hotmail.com,Liverpool,NY
190,Toya,Pratt,toya.pratt@yahoo.com,Long Beach,NY
191,Graciela,Barber,graciela.barber@hotmail.com,Oxnard,CA
192,Bong,Hebert,bong.hebert@gmail.com,Torrance,CA
193,Ayanna,Rhodes,ayanna.rhodes@msn.com,Hicksville,NY
194,Dorine,Roberson,dorine.roberson@msn.com,Santa Cruz,CA
195,Addie,Hahn,addie.hahn@hotmail.com,Franklin Square,NY
196,Edythe,Valencia,edythe.valencia@yahoo.com,North Tonawanda,NY
197,Andy,O'neill,andy.o'neill@msn.com,Rego Park,NY
198,Luis,Tyler,luis.tyler@gmail.com,Amarillo,TX
199,Clelia,Workman,clelia.workman@yahoo.com,New Windsor,NY
200,Ashely,Holmes,ashely.holmes@aol.com,Farmingdale,NY
201,Candis,Harding,candis.harding@gmail.com,Ballston Spa,NY
202,Marni,Bolton,marni.bolton@msn.com,Lancaster,NY
203,Minerva,Decker,minerva.decker@yahoo.com,Houston,TX
204,Alpha,King,alpha.king@hotmail.com,Rockville Centre,NY
205,Harris,Pittman,harris.pittman@yahoo.com,Jamaica,NY
206,Stephaine,Riddle,stephaine.riddle@hotmail.com,Brooklyn,NY
207,Michel,Blankenship,michel.blankenship@msn.com,Forney,TX
208,Denis,Logan,denis.logan@msn.com,Ridgecrest,CA
209,Jutta,Everett,jutta.everett@gmail.com,Selden,NY
210,Priscilla,Wilkins,priscilla.wilkins@aol.com,Albany,NY
211,Gilma,Dejesus,gilma.dejesus@yahoo.com,Scarsdale,NY
212,Buford,Bridges,buford.bridges@msn.com,Troy,NY
213,Elenore,Hensley,elenore.hensley@hotmail.com,Hamburg,NY
214,Ross,Pugh,ross.pugh@msn.com,North Tonawanda,NY
215,Judith,Finley,judith.finley@hotmail.com,Whitestone,NY
216,Wai,Soto,wai.soto@msn.com,Bethpage,NY
217,Carline,Collier,carline.collier@msn.com,Fresno,CA
218,Casey,Gill,casey.gill@gmail.com,Port Washington,NY
219,Darcie,Morgan,darcie.morgan@aol.com,Oceanside,NY
220,Lucio,Sherman,lucio.sherman@gmail.com,Smithtown,NY
221,Clementine,Mooney,clementine.mooney@yahoo.com,Mcallen,TX
222,Anya,Contreras,anya.contreras@msn.com,East Northport,NY
223,Scarlet,Yates,scarlet.yates@hotmail.com,Patchogue,NY
224,Moses,Pope,moses.pope@yahoo.com,Lawndale,CA
225,Barbera,Riggs,barbera.riggs@aol.com,Plainview,NY
226,Kiana,Rivera,kiana.rivera@gmail.com,Richmond Hill,NY
227,Danielle,Bond,danielle.bond@msn.com,Patchogue,NY
228,Whitney,Estes,whitney.estes@gmail.com,Brentwood,NY
229,Molly,Langley,molly.langley@aol.com,Holbrook,NY
230,Chelsey,Hardin,chelsey.hardin@hotmail.com,Deer Park,NY
231,Jenee,Rasmussen,jenee.rasmussen@hotmail.com,Sacramento,CA
232,Freddie,Mathis,freddie.mathis@hotmail.com,Euless,TX
233,Mariana,Strong,mariana.strong@msn.com,Santa Clara,CA
234,Winfred,Harris,winfred.harris@msn.com,East Meadow,NY
235,Jeromy,Elliott,jeromy.elliott@gmail.com,Bay Shore,NY
236,Verona,O'neill,verona.o'neill@hotmail.com,Selden,NY
237,Elvera,Peck,elvera.peck@yahoo.com,Banning,CA
238,Cindi,Larson,cindi.larson@msn.com,Howard Beach,NY
239,Felice,Guzman,felice.guzman@hotmail.com,Canyon Country,CA
240,Le,Deleon,le.deleon@msn.com,Banning,CA
241,Manie,Sanchez,manie.sanchez@hotmail.com,Queensbury,NY
242,Rutha,Howell,rutha.howell@gmail.com,Canyon Country,CA
243,Natosha,Rowland,natosha.rowland@aol.com,Ballston Spa,NY
244,Jessika,Bray,jessika.bray@yahoo.com,San Pablo,CA
245,Delila,Hamilton,delila.hamilton@yahoo.com,Palos Verdes Peninsula,CA
246,Dionne,Norris,dionne.norris@yahoo.com,Niagara Falls,NY
247,Muriel,Juarez,muriel.juarez@gmail.com,Palos Verdes Peninsula,CA
248,Cecelia,Gill,cecelia.gill@aol.com,Mcallen,TX
249,Magda,Eaton,magda.eaton@aol.com,Ossining,NY
250,Ivonne,Yang,ivonne.yang@gmail.com,El Paso,TX
251,Kasie,Rodriquez,kasie.rodriquez@aol.com,Ballston Spa,NY
252,Eleni,Gordon,eleni.gordon@hotmail.com,Richmond Hill,NY
253,Maurice,Norton,maurice.norton@hotmail.com,Atwater,CA
254,Cristobal,Hutchinson,cristobal.hutchinson@gmail.com,Lawndale,CA
255,Flossie,Holder,flossie.holder@msn.com,Massapequa Park,NY
256,Erma,Salinas,erma.salinas@gmail.com,Merrick,NY
257,Earl,Stanley,earl.stanley@gmail.com,Elmhurst,NY
258,Maribel,William,maribel.william@aol.com,Torrance,CA
259,Johnathan,Velazquez,johnathan.velazquez@hotmail.com,Pleasanton,CA
260,Rodrick,Shelton,rodrick.shelton@hotmail.com,Canyon Country,CA
261,Ferne,Kline,ferne.kline@hotmail.com,Fullerton,CA
262,Rubin,Decker,rubin.decker@gmail.com,Buffalo,NY
263,Dortha,Jarvis,dortha.jarvis@yahoo.com,Oceanside,NY
264,Mariela,Huffman,mariela.huffman@gmail.com,Garden City,NY
265,Mellisa,Farley,mellisa.farley@yahoo.com,Central Islip,NY
266,Myung,Hooper,myung.hooper@gmail.com,Elmont,NY
267,Angelina,Lloyd,angelina.lloyd@yahoo.com,Apple Valley,CA
268,Trinity,Riddle,trinity.riddle@aol.com,Ballston Spa,NY
269,Barton,Crosby,barton.crosby@msn.com,Bellmore,NY
270,Claudio,Wise,claudio.wise@hotmail.com,Kingston,NY
271,Katheleen,Marks,katheleen.marks@yahoo.com,Longview,TX
272,Deja,Chaney,deja.chaney@hotmail.com,Jamaica,NY
273,Queenie,Vance,queenie.vance@gmail.com,Ozone Park,NY
274,Josh,Shaw,josh.shaw@gmail.com,Hopewell Junction,NY
275,Pinkie,Kirkland,pinkie.kirkland@yahoo.com,San Angelo,TX
276,Lavette,Wright,lavette.wright@msn.com,Ronkonkoma,NY
277,Mark,Garrett,mark.garrett@msn.com,Monroe,NY
278,Myesha,Burgess,myesha.burgess@gmail.com,Campbell,CA
279,Justina,Long,justina.long@aol.com,South El Monte,CA
280,Brenda,Tate,brenda.tate@msn.com,San Angelo,TX
281,Rayna,Perry,rayna.perry@hotmail.com,Ozone Park,NY
282,Randolph,Chase,randolph.chase@yahoo.com,San Lorenzo,CA
283,Jaimee,Day,jaimee.day@aol.com,Poughkeepsie,NY
284,Susann,Bass,susann.bass@msn.com,Commack,NY
285,Leola,Gould,leola.gould@gmail.com,Astoria,NY
286,Virgil,Frost,virgil.frost@gmail.com,Levittown,NY
287,Mireille,Puckett,mireille.puckett@hotmail.com,Oxnard,CA
288,Keturah,Massey,keturah.massey@msn.com,Banning,CA
289,Charmain,Webster,charmain.webster@hotmail.com,Richardson,TX
290,Barry,Buckner,barry.buckner@gmail.com,Centereach,NY
291,Boyce,Burks,boyce.burks@gmail.com,Sunnyside,NY
292,Monty,Frost,monty.frost@aol.com,Hempstead,NY
293,Tiny,French,tiny.french@hotmail.com,Plainview,NY
294,Clementina,Sargent,clementina.sargent@hotmail.com,Rome,NY
295,Danny,Kim,danny.kim@msn.com,South Ozone Park,NY
296,Sophia,Mcmillan,sophia.mcmillan@msn.com,Uniondale,NY
297,Christia,Carson,christia.carson@gmail.com,Helotes,TX
298,Jennie,Middleton,jennie.middleton@gmail.com,Upland,CA
299,Jame,Riggs,jame.riggs@hotmail.com,Bay Shore,NY
300,Rayford,Simon,rayford.simon@msn.com,Mountain View,CA
301,Annett,Garrett,annett.garrett@yahoo.com,Scarsdale,NY
302,Hayden,Cross,hayden.cross@gmail.com,Apple Valley,CA
303,Rolanda,Larsen,rolanda.larsen@yahoo.com,Woodhaven,NY
304,Jayme,Zamora,jayme.zamora@gmail.com,Springfield Gardens,NY
305,Hope,Cotton,hope.cotton@aol.com,Redondo Beach,CA
306,Vikki,Erickson,vikki.erickson@yahoo.com,Kingston,NY
307,Fransisca,Nicholson,fransisca.nicholson@aol.com,Glendora,CA
308,Mazie,Fernandez,mazie.fernandez@hotmail.com,Webster,NY
309,Anderson,Martin,anderson.martin@hotmail.com,Canandaigua,NY
310,Gilberto,Parsons,gilberto.parsons@gmail.com,Middle Village,NY
311,Charise,Burt,charise.burt@aol.com,Fresno,CA
312,Cameron,Carroll,cameron.carroll@yahoo.com,Longview,TX
313,Melani,Jarvis,melani.jarvis@hotmail.com,Maspeth,NY
314,Javier,Nichols,javier.nichols@msn.com,Rowlett,TX
315,Justina,Jenkins,justina.jenkins@yahoo.com,Baldwin,NY
316,Hortencia,Graham,hortencia.graham@aol.com,Euless,TX
317,Christia,Wilkins,christia.wilkins@msn.com,Woodside,NY
318,Eliz,Whitney,eliz.whitney@msn.com,Fullerton,CA
319,Justin,Newton,justin.newton@hotmail.com,Apple Valley,CA
320,Aron,Wiggins,aron.wiggins@aol.com,Oceanside,NY
321,Chere,Hardin,chere.hardin@yahoo.com,Brooklyn,NY
322,Merideth,Preston,merideth.preston@yahoo.com,Poughkeepsie,NY
323,Jeniffer,Slater,jeniffer.slater@aol.com,Schenectady,NY
324,Laureen,Paul,laureen.paul@yahoo.com,Bellmore,NY
325,Berna,Moore,berna.moore@hotmail.com,Bronx,NY
326,Shiela,Calderon,shiela.calderon@msn.com,Rocklin,CA
327,Sharie,Alvarez,sharie.alvarez@msn.com,New York,NY
328,Bettie,Glover,bettie.glover@gmail.com,Euless,TX
329,Marilyn,Frank,marilyn.frank@aol.com,Port Chester,NY
330,Sheba,Knapp,sheba.knapp@aol.com,Woodside,NY
331,Aleta,Mack,aleta.mack@yahoo.com,Bay Shore,NY
332,Reena,Higgins,reena.higgins@gmail.com,Canyon Country,CA
333,Ami,Mcmahon,ami.mcmahon@aol.com,Sunnyside,NY
334,Somer,Jordan,somer.jordan@msn.com,Huntington Station,NY
335,Scarlet,Reed,scarlet.reed@hotmail.com,Bronx,NY
336,Trisha,Johnson,trisha.johnson@msn.com,Lancaster,NY
337,Majorie,Wyatt,majorie.wyatt@yahoo.com,South Ozone Park,NY
338,Abbey,Pugh,abbey.pugh@gmail.com,Forest Hills,NY
339,Tamela,Harrell,tamela.harrell@aol.com,Central Islip,NY
340,Yanira,Bradshaw,yanira.bradshaw@gmail.com,Smithtown,NY
341,Delana,Scott,delana.scott@yahoo.com,Mount Vernon,NY
342,Cassondra,Pruitt,cassondra.pruitt@aol.com,Merrick,NY
343,Jesica,Fields,jesica.fields@yahoo.com,Commack,NY
344,Herta,Rollins,herta.rollins@msn.com,Mountain View,CA
345,Mi,Gray,mi.gray@aol.com,Albany,NY
346,Jacalyn,Barnett,jacalyn.barnett@gmail.com,Maspeth,NY
347,Kanesha,Hudson,kanesha.hudson@gmail.com,Oakland,CA
348,Darren,Witt,darren.witt@aol.com,Coachella,CA
349,Mable,Pratt,mable.pratt@gmail.com,Coachella,CA
350,Christoper,Mccall,christoper.mccall@msn.com,Bay Shore,NY
351,Margorie,Wynn,margorie.wynn@gmail.com,Monsey,NY
352,Josef,Greer,josef.greer@gmail.com,Jamaica,NY
353,Tisa,Whitney,tisa.whitney@yahoo.com,Monsey,NY
354,Tonda,Armstrong,tonda.armstrong@aol.com,Sunnyside,NY
355,Arvilla,Weiss,arvilla.weiss@msn.com,Bay Shore,NY
356,Vashti,Rosario,vashti.rosario@yahoo.com,Bronx,NY
357,Sheri,Cole,sheri.cole@aol.com,San Jose,CA
358,Kandace,Giles,kandace.giles@msn.com,Wantagh,NY
359,Angie,Powers,angie.powers@aol.com,Pomona,CA
360,Van,Peters,van.peters@yahoo.com,Houston,TX
361,Virgina,Berg,virgina.berg@yahoo.com,Valley Stream,NY
362,Olevia,Noel,olevia.noel@yahoo.com,Kingston,NY
363,Kaci,Gallegos,kaci.gallegos@gmail.com,Ballston Spa,NY
364,Bev,Chang,bev.chang@yahoo.com,Ithaca,NY
365,Rodger,Rojas,rodger.rojas@yahoo.com,Bayside,NY
366,Lavonne,Anderson,lavonne.anderson@aol.com,Floral Park,NY
367,Blanca,Hooper,blanca.hooper@msn.com,Ozone Park,NY
368,Alysha,Powers,alysha.powers@msn.com,Forest Hills,NY
369,Mary,Singleton,mary.singleton@hotmail.com,Woodside,NY
370,Jina,Cooper,jina.cooper@aol.com,Howard Beach,NY
371,Loni,Duncan,loni.duncan@gmail.com,Rosedale,NY
372,Collene,Roman,collene.roman@aol.com,Wappingers Falls,NY
373,Mariette,Trevino,mariette.trevino@aol.com,Utica,NY
374,Candelaria,Coffey,candelaria.coffey@aol.com,Merrick,NY
375,Yan,Trevino,yan.trevino@gmail.com,Uniondale,NY
376,Elanor,Patrick,elanor.patrick@aol.com,Victoria,TX
377,Klara,Mosley,klara.mosley@gmail.com,Port Chester,NY
378,Rosalba,O'neal,rosalba.o'neal@yahoo.com,Mount Vernon,NY
379,Mina,Carrillo,mina.carrillo@aol.com,Uniondale,NY
380,Alesia,Horne,alesia.horne@aol.com,Selden,NY
381,Kristen,Alvarez,kristen.alvarez@aol.com,Bronx,NY
382,Collin,Webster,collin.webster@aol.com,Howard Beach,NY
383,Ashlee,Pena,ashlee.pena@aol.com,Whitestone,NY
384,Aimee,Merritt,aimee.merritt@yahoo.com,Flushing,NY
385,Rochelle,Ward,rochelle.ward@yahoo.com,Glendora,CA
386,Nelle,Beck,nelle.beck@aol.com,Upland,CA
387,Kaila,Walters,kaila.walters@msn.com,Elmhurst,NY
388,Aleta,Stone,aleta.stone@aol.com,Whitestone,NY
389,Leif,Short,leif.short@gmail.com,San Angelo,TX
390,Lorrie,Pollard,lorrie.pollard@yahoo.com,Ronkonkoma,NY
391,Vernita,Ball,vernita.ball@gmail.com,Los Banos,CA
392,Cyndi,Bush,cyndi.bush@gmail.com,Elmhurst,NY
393,Gertrude,Terry,gertrude.terry@hotmail.com,Upland,CA
394,Virgen,Clemons,virgen.clemons@gmail.com,South El Monte,CA
395,Fairy,Robinson,fairy.robinson@msn.com,Liverpool,NY
396,Laverna,Hernandez,laverna.hernandez@hotmail.com,Niagara Falls,NY
397,Jeannie,Wilcox,jeannie.wilcox@yahoo.com,Franklin Square,NY
398,Suellen,Mercado,suellen.mercado@yahoo.com,Sunnyside,NY
399,Bart,Hess,bart.hess@aol.com,Kingston,NY
400,Alfredo,Dodson,alfredo.dodson@hotmail.com,Depew,NY
401,Shaunda,Barnett,shaunda.barnett@gmail.com,Longview,TX
402,Kerrie,Morton,kerrie.morton@hotmail.com,Pittsford,NY
403,Elouise,Fry,elouise.fry@aol.com,Canyon Country,CA
404,Augustus,Steele,augustus.steele@aol.com,Ballston Spa,NY
405,Greta,Page,greta.page@hotmail.com,Commack,NY
406,Kerrie,O'neill,kerrie.o'neill@gmail.com,Shirley,NY
407,Dannette,Guerrero,dannette.guerrero@gmail.com,San Pablo,CA
408,Edra,Fitzgerald,edra.fitzgerald@msn.com,Central Islip,NY
409,Jerome,Bolton,jerome.bolton@msn.com,Carmel,NY
410,Conception,Slater,conception.slater@gmail.com,Bellmore,NY
411,Octavia,Case,octavia.case@aol.com,New York,NY
412,Dexter,Roberts,dexter.roberts@gmail.com,Sunnyside,NY
413,Ginette,Edwards,ginette.edwards@hotmail.com,Baldwin,NY
414,Romaine,Haley,romaine.haley@aol.com,Ithaca,NY
415,Gwendolyn,Miller,gwendolyn.miller@msn.com,Harlingen,TX
416,Luke,Fuller,luke.fuller@hotmail.com,Hempstead,NY
417,Zoraida,Patton,zoraida.patton@aol.com,Huntington Station,NY
418,Georgeanna,Webster,georgeanna.webster@msn.com,Oxnard,CA
419,Krystin,Marshall,krystin.marshall@hotmail.com,Poughkeepsie,NY
420,Vince,Schneider,vince.schneider@hotmail.com,Merrick,NY
421,Iola,Rasmussen,iola.rasmussen@yahoo.com,Monroe,NY
422,Valery,Saunders,valery.saunders@msn.com,Victoria,TX
423,Johna,Powers,johna.powers@hotmail.com,Deer Park,NY
424,Charleen,Hurst,charleen.hurst@yahoo.com,Utica,NY
425,Augustina,Joyner,augustina.joyner@aol.com,Mount Vernon,NY
426,Daisy,Ward,daisy.ward@msn.com,Pomona,CA
427,Latonya,Dixon,latonya.dixon@hotmail.com,Garland,TX
428,Hipolito,Padilla,hipolito.padilla@hotmail.com,New Rochelle,NY
429,Emmett,Casey,emmett.casey@yahoo.com,Valley Stream,NY
430,Kandi,Mcneil,kandi.mcneil@msn.com,Massapequa Park,NY
431,Luciano,Marsh,luciano.marsh@aol.com,Bellmore,NY
432,Julius,Holt,julius.holt@aol.com,East Meadow,NY
433,Holly,Nieves,holly.nieves@aol.com,Longview,TX
434,Douglass,Little,douglass.little@hotmail.com,Duarte,CA
435,Izola,Hobbs,izola.hobbs@gmail.com,Woodhaven,NY
436,Honey,Camacho,honey.camacho@gmail.com,Bayside,NY
437,Laureen,Barry,laureen.barry@yahoo.com,Orchard Park,NY
438,Katharine,Herrera,katharine.herrera@hotmail.com,Queensbury,NY
439,Sunshine,Rosario,sunshine.rosario@aol.com,Jamaica,NY
440,Yevette,Todd,yevette.todd@aol.com,Ballston Spa,NY
441,Dorthea,Walker,dorthea.walker@aol.com,Port Washington,NY
442,Alane,Munoz,alane.munoz@gmail.com,Yonkers,NY
443,Ayana,Keith,ayana.keith@hotmail.com,Oxnard,CA
444,Caridad,Compton,caridad.compton@aol.com,San Lorenzo,CA
445,Earline,Ballard,earline.ballard@hotmail.com,Mount Vernon,NY
446,Nathanael,Bradley,nathanael.bradley@aol.com,Amsterdam,NY
447,Chasidy,Tran,chasidy.tran@msn.com,Vista,CA
448,Janella,Bright,janella.bright@aol.com,Rochester,NY
449,Josie,Schultz,josie.schultz@hotmail.com,Canyon Country,CA
450,Ellsworth,Michael,ellsworth.michael@yahoo.com,Carmel,NY
451,Jennette,Wooten,jennette.wooten@msn.com,Rowlett,TX
452,Cassandra,Nichols,cassandra.nichols@yahoo.com,Hicksville,NY
453,Courtney,Wyatt,courtney.wyatt@gmail.com,Garden City,NY
454,Terese,Palmer,terese.palmer@hotmail.com,Bay Shore,NY
455,Sherita,Cherry,sherita.cherry@gmail.com,Liverpool,NY
456,Serina,Hensley,serina.hensley@yahoo.com,Jamaica,NY
457,Jeni,Farley,jeni.farley@aol.com,Richmond Hill,NY
458,Everett,Vega,everett.vega@yahoo.com,Holbrook,NY
459,Latosha,Dalton,latosha.dalton@yahoo.com,Bakersfield,CA
460,Romelia,Myers,romelia.myers@msn.com,Garden City,NY
461,Effie,Jenkins,effie.jenkins@msn.com,Brentwood,NY
462,Efren,Oliver,efren.oliver@gmail.com,Nanuet,NY
463,Jerlene,Rios,jerlene.rios@yahoo.com,Plainview,NY
464,Bess,Mcbride,bess.mcbride@yahoo.com,Garden City,NY
465,Birdie,Kramer,birdie.kramer@hotmail.com,Troy,NY
466,Collen,Hayes,collen.hayes@yahoo.com,Smithtown,NY
467,Clare,Neal,clare.neal@msn.com,Mahopac,NY
468,Jeanett,Herman,jeanett.herman@hotmail.com,Lindenhurst,NY
469,Micki,Rutledge,micki.rutledge@aol.com,Richmond Hill,NY
470,Loise,Walker,loise.walker@aol.com,Shirley,NY
471,Burma,Summers,burma.summers@yahoo.com,Freeport,NY
472,Myron,Ruiz,myron.ruiz@gmail.com,Amityville,NY
473,Lashawna,Richardson,lashawna.richardson@hotmail.com,Baldwin,NY
474,Lavern,Orr,lavern.orr@hotmail.com,Webster,NY
475,Alec,Peck,alec.peck@hotmail.com,Victoria,TX
476,Christopher,Richardson,christopher.richardson@gmail.com,Santa Cruz,CA
477,Arminda,Weber,arminda.weber@yahoo.com,Bellmore,NY
478,Emmett,Hahn,emmett.hahn@hotmail.com,Freeport,NY
479,Gertha,Mejia,gertha.mejia@yahoo.com,Flushing,NY
480,Garland,Weaver,garland.weaver@gmail.com,Amsterdam,NY
481,Jayson,Rutledge,jayson.rutledge@yahoo.com,Lake Jackson,TX
482,Narcisa,Knapp,narcisa.knapp@aol.com,Amarillo,TX
483,Gayla,Sims,gayla.sims@gmail.com,Lindenhurst,NY
484,Chelsey,Boyd,chelsey.boyd@yahoo.com,Euless,TX
485,Catherine,Miles,catherine.miles@msn.com,East Elmhurst,NY
486,Valeri,Marshall,valeri.marshall@hotmail.com,East Meadow,NY
487,Grace,Madden,grace.madden@gmail.com,San Pablo,CA
488,Joaquin,Hawkins,joaquin.hawkins@aol.com,Anaheim,CA
489,Kirstie,Vazquez,kirstie.vazquez@gmail.com,Saratoga Springs,NY
490,Yu,Mcdonald,yu.mcdonald@aol.com,Ossining,NY
491,Celestine,Jacobs,celestine.jacobs@gmail.com,Massapequa,NY
492,Justa,Thompson,justa.thompson@aol.com,Corona,NY
493,Lise,Alvarado,lise.alvarado@gmail.com,Hamburg,NY
494,Pearl,Fox,pearl.fox@yahoo.com,Uniondale,NY
495,Travis,Goodman,travis.goodman@yahoo.com,Los Banos,CA
496,Shu,Mays,shu.mays@gmail.com,Astoria,NY
497,Ezra,Fowler,ezra.fowler@hotmail.com,Nanuet,NY
498,Edda,Young,edda.young@gmail.com,North Tonawanda,NY
499,Lidia,Ashley,lidia.ashley@hotmail.com,Baldwinsville,NY
500,Moira,Lester,moira.lester@msn.com,Jackson Heights,NY
501,Tony,Hicks,tony.hicks@gmail.com,Anaheim,CA
502,Malinda,Baxter,malinda.baxter@yahoo.com,Whitestone,NY
503,Marlo,Jefferson,marlo.jefferson@gmail.com,Niagara Falls,NY
504,Tiana,Henderson,tiana.henderson@aol.com,Franklin Square,NY
505,Wilda,Petersen,wilda.petersen@aol.com,Jamaica,NY
506,Irving,Pitts,irving.pitts@msn.com,Torrance,CA
507,Sheree,Pena,sheree.pena@yahoo.com,Staten Island,NY
508,Vance,Taylor,vance.taylor@msn.com,Lancaster,NY
509,Terra,Pickett,terra.pickett@aol.com,Amsterdam,NY
510,Faustino,Delacruz,faustino.delacruz@msn.com,South Richmond Hill,NY
511,Julienne,Moody,julienne.moody@hotmail.com,Fort Worth,TX
512,Hee,Greer,hee.greer@hotmail.com,Selden,NY
513,Whitney,Cash,whitney.cash@gmail.com,Hamburg,NY
514,Clarita,Curry,clarita.curry@hotmail.com,Hollis,NY
515,Reita,Dickson,reita.dickson@hotmail.com,Scarsdale,NY
516,Rosa,Kinney,rosa.kinney@yahoo.com,Brooklyn,NY
517,Buford,Gilbert,buford.gilbert@yahoo.com,Bellmore,NY
518,Homer,Powers,homer.powers@msn.com,Palos Verdes Peninsula,CA
519,Rudolf,Gilliam,rudolf.gilliam@aol.com,Palos Verdes Peninsula,CA
520,Andreas,Herman,andreas.herman@msn.com,Mount Vernon,NY
521,Max,Charles,max.charles@gmail.com,Glen Cove,NY
522,Tammera,Fischer,tammera.fischer@hotmail.com,Oakland,CA
523,Joshua,Robertson,joshua.robertson@gmail.com,Patchogue,NY
524,Larraine,Horn,larraine.horn@msn.com,Utica,NY
525,Andreas,Mayer,andreas.mayer@hotmail.com,New Rochelle,NY
526,Lazaro,Moran,lazaro.moran@gmail.com,Sugar Land,TX
527,Afton,Juarez,afton.juarez@gmail.com,Coram,NY
528,Angele,Schroeder,angele.schroeder@yahoo.com,New City,NY
529,Ellena,Clements,ellena.clements@aol.com,Santa Monica,CA
530,Selene,Austin,selene.austin@msn.com,Duarte,CA
531,Kimberely,Bowen,kimberely.bowen@hotmail.com,Troy,NY
532,Mia,Delgado,mia.delgado@yahoo.com,Coachella,CA
533,Garret,Clay,garret.clay@yahoo.com,Corpus Christi,TX
534,Alejandro,Haney,alejandro.haney@msn.com,Wantagh,NY
535,Inge,Olsen,inge.olsen@msn.com,Long Beach,NY
536,Christiane,Bradford,christiane.bradford@gmail.com,Orchard Park,NY
537,Carter,Bentley,carter.bentley@yahoo.com,Carmel,NY
538,Sherie,Ayala,sherie.ayala@msn.com,South El Monte,CA
539,Jamika,Acevedo,jamika.acevedo@yahoo.com,Ozone Park,NY
540,Shery,Randolph,shery.randolph@hotmail.com,Ontario,CA
541,Lanita,Burton,lanita.burton@msn.com,Coachella,CA
542,Timothy,Byers,timothy.byers@msn.com,Ronkonkoma,NY
543,Jasmin,Young,jasmin.young@gmail.com,Helotes,TX
544,Catarina,Mendez,catarina.mendez@hotmail.com,West Islip,NY
545,Tajuana,Rollins,tajuana.rollins@msn.com,Oswego,NY
546,Thad,Castro,thad.castro@msn.com,Brentwood,NY
547,Tena,Huber,tena.huber@gmail.com,Newburgh,NY
548,Dori,Alvarez,dori.alvarez@msn.com,Kingston,NY
549,Elmo,Arnold,elmo.arnold@aol.com,Long Beach,NY
550,Felicidad,Golden,felicidad.golden@yahoo.com,Lockport,NY
551,Jenine,Crane,jenine.crane@msn.com,Fort Worth,TX
552,Lea,Key,lea.key@yahoo.com,Banning,CA
553,Rory,Cooper,rory.cooper@gmail.com,Rocklin,CA
554,Hilde,Nieves,hilde.nieves@gmail.com,Campbell,CA
555,Marry,Benjamin,marry.benjamin@yahoo.com,Forney,TX
556,Vernell,Goff,vernell.goff@msn.com,Monroe,NY
557,Erlene,Cook,erlene.cook@gmail.com,Mount Vernon,NY
558,Carroll,Kelly,carroll.kelly@yahoo.com,Monroe,NY
559,Basilia,Thornton,basilia.thornton@hotmail.com,Brentwood,NY
560,Tricia,Daniels,tricia.daniels@gmail.com,Forney,TX
561,Kandace,Hughes,kandace.hughes@hotmail.com,San Lorenzo,CA
562,Alejandro,Norman,alejandro.norman@yahoo.com,Upland,CA
563,Rodney,Odom,rodney.odom@yahoo.com,Richmond Hill,NY
564,Bettie,Pierce,bettie.pierce@gmail.com,Farmingdale,NY
565,Dagny,Owen,dagny.owen@hotmail.com,San Angelo,TX
566,Cinthia,Poole,cinthia.poole@aol.com,Lake Jackson,TX
567,Sheila,Travis,sheila.travis@yahoo.com,Longview,TX
568,Arcelia,Vinson,arcelia.vinson@gmail.com,West Islip,NY
569,Lucas,Estes,lucas.estes@yahoo.com,Santa Monica,CA
570,Marissa,Summers,marissa.summers@msn.com,Saint Albans,NY
571,Kaley,Blanchard,kaley.blanchard@msn.com,Palos Verdes Peninsula,CA
572,Wm,Pope,wm.pope@msn.com,Auburn,NY
573,Rubye,Mccall,rubye.mccall@hotmail.com,Troy,NY
574,Adriene,Rivera,adriene.rivera@hotmail.com,Encino,CA
575,Laurence,Christian,laurence.christian@gmail.com,Jamaica,NY
576,Shirely,Stanley,shirely.stanley@gmail.com,El Paso,TX
577,Danille,Mcfarland,danille.mcfarland@msn.com,Rocklin,CA
578,Salena,Day,salena.day@msn.com,San Lorenzo,CA
579,Matilda,Larson,matilda.larson@hotmail.com,Harlingen,TX
580,Mellisa,Kim,mellisa.kim@aol.com,Los Angeles,CA
581,Vonda,Berger,vonda.berger@yahoo.com,Santa Clara,CA
582,Soledad,Moses,soledad.moses@yahoo.com,Jackson Heights,NY
583,Lashandra,Turner,lashandra.turner@hotmail.com,Long Beach,NY
584,Lynne,Anderson,lynne.anderson@msn.com,El Paso,TX
585,Chasidy,Webster,chasidy.webster@msn.com,Rocklin,CA
586,Ulysses,Gaines,ulysses.gaines@aol.com,Monsey,NY
587,Euna,Lopez,euna.lopez@gmail.com,Carmel,NY
588,Cherelle,Key,cherelle.key@msn.com,Valley Stream,NY
589,Jeffry,Church,jeffry.church@msn.com,Pleasanton,CA
590,Cyndi,Dyer,cyndi.dyer@msn.com,Baldwin,NY
591,Danilo,Holmes,danilo.holmes@gmail.com,Hicksville,NY
592,Joni,Lee,joni.lee@gmail.com,Centereach,NY
593,Antony,Atkinson,antony.atkinson@msn.com,Smithtown,NY
594,Deanne,Parsons,deanne.parsons@aol.com,Lindenhurst,NY
595,Frederica,Rojas,frederica.rojas@yahoo.com,Ithaca,NY
596,Emelda,Dickerson,emelda.dickerson@aol.com,Hamburg,NY
597,Rudolf,Moran,rudolf.moran@gmail.com,Maspeth,NY
598,Benito,Hendrix,benito.hendrix@gmail.com,Depew,NY
599,Jonell,Rivas,jonell.rivas@msn.com,Amarillo,TX
600,Joi,Reeves,joi.reeves@msn.com,San Diego,CA
601,Leland,Mcdowell,leland.mcdowell@gmail.com,Encino,CA
602,Delaine,Estes,delaine.estes@yahoo.com,Amarillo,TX
603,Genevieve,Juarez,genevieve.juarez@gmail.com,New Hyde Park,NY
604,Kylee,Dickson,kylee.dickson@gmail.com,Amityville,NY
605,Renita,Henry,renita.henry@msn.com,New Rochelle,NY
606,Sarah,Kirkland,sarah.kirkland@aol.com,Wappingers Falls,NY
607,Paul,Lester,paul.lester@gmail.com,Vista,CA
608,Taisha,Vang,taisha.vang@yahoo.com,Shirley,NY
609,Eliana,Reese,eliana.reese@hotmail.com,Woodhaven,NY
610,Leonore,Dorsey,leonore.dorsey@yahoo.com,Jackson Heights,NY
611,Ashleigh,Frank,ashleigh.frank@gmail.com,Levittown,NY
612,Gabriel,Wagner,gabriel.wagner@msn.com,Ballston Spa,NY
613,Margene,Eaton,margene.eaton@yahoo.com,Wantagh,NY
614,Toshia,Cardenas,toshia.cardenas@gmail.com,Amsterdam,NY
615,Jamika,Blanchard,jamika.blanchard@gmail.com,Fresh Meadows,NY
616,Shery,Acosta,shery.acosta@yahoo.com,Saratoga Springs,NY
617,Jenna,Saunders,jenna.saunders@aol.com,Yorktown Heights,NY
618,Skye,Pope,skye.pope@yahoo.com,Richmond Hill,NY
619,Ana,Palmer,ana.palmer@yahoo.com,Anaheim,CA
620,Eric,Hardin,eric.hardin@gmail.com,Jamaica,NY
621,Basil,Ballard,basil.ballard@yahoo.com,San Lorenzo,CA
622,Gabriel,Pitts,gabriel.pitts@gmail.com,Clifton Park,NY
623,Cayla,Johnson,cayla.johnson@msn.com,Coram,NY
624,Sharika,Colon,sharika.colon@gmail.com,Long Beach,NY
625,Donnetta,Henson,donnetta.henson@hotmail.com,Webster,NY
626,Leigh,Burke,leigh.burke@hotmail.com,Schenectady,NY
627,Deloris,Larson,deloris.larson@aol.com,Duarte,CA
628,Ehtel,Cobb,ehtel.cobb@hotmail.com,Lockport,NY
629,Evelina,Byrd,evelina.byrd@msn.com,Buffalo,NY
630,Zulema,Browning,zulema.browning@gmail.com,Amsterdam,NY
631,Tressa,Weiss,tressa.weiss@msn.com,Ossining,NY
632,Yvette,Rogers,yvette.rogers@aol.com,Franklin Square,NY
633,Kiara,Deleon,kiara.deleon@gmail.com,Anaheim,CA
634,Taylor,Cole,taylor.cole@gmail.com,Carmel,NY
635,Myrtie,James,myrtie.james@yahoo.com,Merrick,NY
636,Ashton,Lott,ashton.lott@hotmail.com,Floral Park,NY
637,Kara,Higgins,kara.higgins@aol.com,Ossining,NY
638,Tomeka,Higgins,tomeka.higgins@msn.com,Poughkeepsie,NY
639,Ronald,Parsons,ronald.parsons@msn.com,Maspeth,NY
640,Allison,Nolan,allison.nolan@gmail.com,New City,NY
641,Derrick,Marks,derrick.marks@yahoo.com,Glendora,CA
642,Yang,Roth,yang.roth@aol.com,Webster,NY
643,Melba,Wilkinson,melba.wilkinson@gmail.com,Floral Park,NY
644,Valentin,Mclaughlin,valentin.mclaughlin@hotmail.com,Lindenhurst,NY
645,Lewis,Garner,lewis.garner@gmail.com,Brentwood,NY
646,Ann,Heath,ann.heath@msn.com,South El Monte,CA
647,Janelle,Maldonado,janelle.maldonado@gmail.com,Richmond Hill,NY
648,Catrice,Hicks,catrice.hicks@yahoo.com,San Pablo,CA
649,Eli,Contreras,eli.contreras@hotmail.com,Ronkonkoma,NY
650,Rita,Bailey,rita.bailey@hotmail.com,Ossining,NY
651,Laure,Pena,laure.pena@yahoo.com,Wappingers Falls,NY
652,Tilda,Melton,tilda.melton@msn.com,Troy,NY
653,Florencio,Davenport,florencio.davenport@yahoo.com,Jamestown,NY
654,Eun,Harris,eun.harris@gmail.com,San Diego,CA
655,Marylyn,Browning,marylyn.browning@msn.com,Scarsdale,NY
656,Romana,Barnes,romana.barnes@yahoo.com,Floral Park,NY
657,Sam,Lester,sam.lester@gmail.com,Baldwin,NY
658,Nicki,Larson,nicki.larson@yahoo.com,Monsey,NY
659,Antonetta,Rocha,antonetta.rocha@yahoo.com,Port Chester,NY
660,Shara,Pope,shara.pope@msn.com,Ridgecrest,CA
661,Trena,Hudson,trena.hudson@hotmail.com,Monroe,NY
662,Loraine,Sykes,loraine.sykes@yahoo.com,Scarsdale,NY
663,Alissa,Hood,alissa.hood@gmail.com,New Windsor,NY
664,Augustus,Schmidt,augustus.schmidt@msn.com,Corona,NY
665,Stacie,Sims,stacie.sims@hotmail.com,Oakland,CA
666,Brittni,Green,brittni.green@msn.com,Floral Park,NY
667,Etsuko,Garrison,etsuko.garrison@yahoo.com,Richmond Hill,NY
668,Calandra,Stanton,calandra.stanton@aol.com,Lake Jackson,TX
669,Willis,Randolph,willis.randolph@yahoo.com,Harlingen,TX
670,Shawnda,Glover,shawnda.glover@gmail.com,Liverpool,NY
671,Jennette,Baker,jennette.baker@gmail.com,Banning,CA
672,Elma,Molina,elma.molina@msn.com,New Rochelle,NY
673,Adam,Henderson,adam.henderson@hotmail.com,Los Banos,CA
674,Ira,Moore,ira.moore@gmail.com,Saratoga Springs,NY
675,Kermit,Bowman,kermit.bowman@gmail.com,El Paso,TX
676,Gayle,Wilkinson,gayle.wilkinson@yahoo.com,Lindenhurst,NY
677,Launa,Hull,launa.hull@yahoo.com,Helotes,TX
678,Myron,Johns,myron.johns@msn.com,Whitestone,NY
679,Tuan,Wolfe,tuan.wolfe@aol.com,West Babylon,NY
680,Mathilda,Pennington,mathilda.pennington@gmail.com,New City,NY
681,Reatha,Perez,reatha.perez@aol.com,Holbrook,NY
682,Arnita,Thomas,arnita.thomas@gmail.com,Orchard Park,NY
683,Amparo,Burks,amparo.burks@aol.com,Merrick,NY
684,Jenny,Bell,jenny.bell@hotmail.com,Niagara Falls,NY
685,Laverne,Craft,laverne.craft@aol.com,Forest Hills,NY
686,Darcel,Harmon,darcel.harmon@msn.com,Santa Clara,CA
687,Cecilia,Camacho,cecilia.camacho@yahoo.com,Desoto,TX
688,Pearlie,Cochran,pearlie.cochran@msn.com,Campbell,CA
689,Deirdre,Ryan,deirdre.ryan@yahoo.com,Utica,NY
690,Yevette,Elliott,yevette.elliott@aol.com,Jackson Heights,NY
691,Ladawn,Downs,ladawn.downs@yahoo.com,Houston,TX
692,Dorothea,Chang,dorothea.chang@gmail.com,Astoria,NY
693,Merlin,Foreman,merlin.foreman@msn.com,Hempstead,NY
694,Lanie,Dunn,lanie.dunn@gmail.com,North Tonawanda,NY
695,Christoper,Gould,christoper.gould@aol.com,Shirley,NY
696,Norine,Huffman,norine.huffman@aol.com,Encino,CA
697,Alane,Mccarty,alane.mccarty@hotmail.com,San Diego,CA
698,Charleen,Joyner,charleen.joyner@aol.com,Corona,NY
699,Zella,Fernandez,zella.fernandez@yahoo.com,Rockville Centre,NY
700,Collene,Knox,collene.knox@msn.com,Corpus Christi,TX
701,Alysia,Nicholson,alysia.nicholson@hotmail.com,Oxnard,CA
702,Sharie,Whitaker,sharie.whitaker@hotmail.com,Merrick,NY
703,Diana,Cobb,diana.cobb@hotmail.com,Fullerton,CA
704,Morton,Barron,morton.barron@msn.com,Bakersfield,CA
705,Camille,Harvey,camille.harvey@hotmail.com,Huntington,NY
706,Lolita,O'neill,lolita.o'neill@aol.com,Massapequa Park,NY
707,Terese,Briggs,terese.briggs@msn.com,Woodside,NY
708,Majorie,Glover,majorie.glover@msn.com,Apple Valley,CA
709,Vinnie,Chan,vinnie.chan@aol.com,Forest Hills,NY
710,Ezra,Silva,ezra.silva@msn.com,New Windsor,NY
711,Jovita,Bishop,jovita.bishop@aol.com,Staten Island,NY
712,Kecia,Olsen,kecia.olsen@msn.com,Santa Cruz,CA
713,Ilona,Spears,ilona.spears@gmail.com,Port Jefferson Station,NY
714,Senaida,Thompson,senaida.thompson@msn.com,Bronx,NY
715,Larae,Carney,larae.carney@msn.com,Sunnyside,NY
716,Sebrina,Hart,sebrina.hart@yahoo.com,Coram,NY
717,Kristofer,Craig,kristofer.craig@yahoo.com,Plainview,NY
718,Luciana,Mcgee,luciana.mcgee@msn.com,Selden,NY
719,Nicki,Fry,nicki.fry@hotmail.com,Endicott,NY
720,Devin,Shaffer,devin.shaffer@gmail.com,Rochester,NY
721,Erlinda,Osborne,erlinda.osborne@yahoo.com,West Islip,NY
722,Camila,Carroll,camila.carroll@yahoo.com,San Antonio,TX
723,Vicki,Wiggins,vicki.wiggins@hotmail.com,Wappingers Falls,NY
724,Lois,Steele,lois.steele@yahoo.com,Ossining,NY
725,Carola,Mcpherson,carola.mcpherson@hotmail.com,Rego Park,NY
726,Rochell,Cantrell,rochell.cantrell@yahoo.com,Port Jefferson Station,NY
727,Kasha,Sullivan,kasha.sullivan@hotmail.com,Scarsdale,NY
728,Viva,Dawson,viva.dawson@yahoo.com,Orchard Park,NY
729,Hue,Dalton,hue.dalton@hotmail.com,Apple Valley,CA
730,Andria,Rivers,andria.rivers@aol.com,Amarillo,TX
731,Hilary,Savage,hilary.savage@yahoo.com,Oxnard,CA
732,Lavona,Austin,lavona.austin@yahoo.com,Utica,NY
733,Doreatha,Ford,doreatha.ford@yahoo.com,Huntington,NY
734,Alina,Mcleod,alina.mcleod@msn.com,Patchogue,NY
735,Aide,Franco,aide.franco@msn.com,Atwater,CA
736,Genny,Hensley,genny.hensley@yahoo.com,Redondo Beach,CA
737,Melita,Dominguez,melita.dominguez@msn.com,Auburn,NY
738,Fannie,Jenkins,fannie.jenkins@msn.com,Oxnard,CA
739,Bobbi,Banks,bobbi.banks@yahoo.com,Bayside,NY
740,Gwenn,Melton,gwenn.melton@yahoo.com,Centereach,NY
741,Laci,Castro,laci.castro@hotmail.com,Saint Albans,NY
742,Evelina,Manning,evelina.manning@aol.com,Mount Vernon,NY
743,Tania,Swanson,tania.swanson@yahoo.com,Longview,TX
744,Laurel,Schultz,laurel.schultz@hotmail.com,Mount Vernon,NY
745,Carolyne,Conley,carolyne.conley@gmail.com,Floral Park,NY
746,Eldridge,Greer,eldridge.greer@aol.com,Central Islip,NY
747,Margret,Barnett,margret.barnett@gmail.com,Forney,TX
748,Oliva,Blackwell,oliva.blackwell@hotmail.com,Elmhurst,NY
749,Oralia,Farley,oralia.farley@hotmail.com,Upland,CA
750,Romaine,Salazar,romaine.salazar@yahoo.com,Monsey,NY
751,Hermila,Mckay,hermila.mckay@yahoo.com,Coachella,CA
752,Lloyd,Miranda,lloyd.miranda@hotmail.com,Encino,CA
753,Mandi,Gibbs,mandi.gibbs@gmail.com,East Elmhurst,NY
754,Hue,May,hue.may@aol.com,Valley Stream,NY
755,Tomika,Wilder,tomika.wilder@aol.com,New Hyde Park,NY
756,Graig,Roth,graig.roth@aol.com,West Babylon,NY
757,Lamar,Greer,lamar.greer@gmail.com,Levittown,NY
758,Raymonde,Garcia,raymonde.garcia@aol.com,Queensbury,NY
759,Cira,Downs,cira.downs@gmail.com,Oakland,CA
760,Marisa,Chambers,marisa.chambers@msn.com,Amityville,NY
761,Rod,Hatfield,rod.hatfield@hotmail.com,Ronkonkoma,NY
762,Quyen,Houston,quyen.houston@gmail.com,Central Islip,NY
763,Han,Schneider,han.schneider@gmail.com,Elmhurst,NY
764,Terrell,Mathis,terrell.mathis@aol.com,Selden,NY
765,Spring,Hayes,spring.hayes@hotmail.com,Ossining,NY
766,Lecia,Hancock,lecia.hancock@hotmail.com,Schenectady,NY
767,Twana,Arnold,twana.arnold@msn.com,Anaheim,CA
768,Yvone,Yates,yvone.yates@gmail.com,San Pablo,CA
769,Agatha,Melton,agatha.melton@yahoo.com,Springfield Gardens,NY
770,Lavonda,Stephenson,lavonda.stephenson@gmail.com,Bay Shore,NY
771,Agnes,Sims,agnes.sims@aol.com,Buffalo,NY
772,Latricia,Lindsey,latricia.lindsey@hotmail.com,Yorktown Heights,NY
773,Yolando,Wade,yolando.wade@hotmail.com,Massapequa,NY
774,Nenita,Mooney,nenita.mooney@hotmail.com,Lawndale,CA
775,Kermit,Hyde,kermit.hyde@hotmail.com,Patchogue,NY
776,Angelique,Merrill,angelique.merrill@gmail.com,South El Monte,CA
777,Ilda,Roberson,ilda.roberson@aol.com,Kingston,NY
778,Corrinne,Garrison,corrinne.garrison@yahoo.com,Victoria,TX
779,Major,Merrill,major.merrill@aol.com,Astoria,NY
780,Ouida,Gregory,ouida.gregory@aol.com,Merrick,NY
781,Tajuana,Riddle,tajuana.riddle@hotmail.com,Bayside,NY
782,Ricki,Bullock,ricki.bullock@hotmail.com,Woodside,NY
783,Celestine,Kent,celestine.kent@aol.com,Lancaster,NY
784,Debbra,Jacobson,debbra.jacobson@yahoo.com,Ballston Spa,NY
785,Kandis,Mills,kandis.mills@hotmail.com,Hamburg,NY
786,Wallace,Lane,wallace.lane@aol.com,South Richmond Hill,NY
787,Malisa,Mitchell,malisa.mitchell@msn.com,Mount Vernon,NY
788,Lilliam,Nolan,lilliam.nolan@msn.com,Copperas Cove,TX
789,Tad,Gardner,tad.gardner@hotmail.com,Niagara Falls,NY
790,Petronila,Gallegos,petronila.gallegos@gmail.com,Howard Beach,NY
791,Yun,Nelson,yun.nelson@hotmail.com,Ballston Spa,NY
792,Edgar,Horn,edgar.horn@aol.com,West Babylon,NY
793,Chantay,Maynard,chantay.maynard@gmail.com,Elmhurst,NY
794,Donette,Mccarthy,donette.mccarthy@yahoo.com,Redondo Beach,CA
795,Mariam,Miranda,mariam.miranda@aol.com,Franklin Square,NY
796,Rosalie,Coffey,rosalie.coffey@gmail.com,Upland,CA
797,Cathey,Lamb,cathey.lamb@msn.com,Bayside,NY
798,Alyse,Jacobson,alyse.jacobson@yahoo.com,Massapequa Park,NY
799,India,Barron,india.barron@msn.com,Huntington,NY
800,Cris,Dunn,cris.dunn@yahoo.com,Pittsford,NY
801,Ophelia,Rodgers,ophelia.rodgers@gmail.com,Hopewell Junction,NY
802,Barrett,Sanders,barrett.sanders@aol.com,Longview,TX
803,Bernardina,Cooper,bernardina.cooper@msn.com,Whitestone,NY
804,Douglas,Richards,douglas.richards@hotmail.com,Valley Stream,NY
805,Phillis,Fowler,phillis.fowler@aol.com,Clifton Park,NY
806,Reyes,Merritt,reyes.merritt@yahoo.com,Staten Island,NY
807,Nathalie,Knowles,nathalie.knowles@aol.com,West Islip,NY
808,Vallie,Dixon,vallie.dixon@yahoo.com,Rowlett,TX
809,Elnora,Simpson,elnora.simpson@yahoo.com,Bellmore,NY
810,Ivelisse,Nixon,ivelisse.nixon@aol.com,Houston,TX
811,Shanti,Johnston,shanti.johnston@gmail.com,Staten Island,NY
812,Martha,Burgess,martha.burgess@msn.com,Woodhaven,NY
813,Neville,Mcclain,neville.mcclain@yahoo.com,West Hempstead,NY
814,Ghislaine,Compton,ghislaine.compton@aol.com,Lindenhurst,NY
815,Leanna,Manning,leanna.manning@yahoo.com,Hicksville,NY
816,Marshall,Johnson,marshall.johnson@yahoo.com,Vista,CA
817,Zelda,Pratt,zelda.pratt@gmail.com,Lancaster,NY
818,Joel,Wynn,joel.wynn@aol.com,San Diego,CA
819,Yahaira,Robertson,yahaira.robertson@yahoo.com,Endicott,NY
820,Sandy,Mills,sandy.mills@gmail.com,Schenectady,NY
821,Cassidy,Clark,cassidy.clark@hotmail.com,Astoria,NY
822,Kristy,Watkins,kristy.watkins@gmail.com,Howard Beach,NY
823,Tina,Bush,tina.bush@aol.com,Maspeth,NY
824,Veronika,Rollins,veronika.rollins@yahoo.com,Webster,NY
825,Kristel,Byrd,kristel.byrd@hotmail.com,Hicksville,NY
826,Shay,Stephenson,shay.stephenson@aol.com,Smithtown,NY
827,George,Pickett,george.pickett@msn.com,Sunnyside,NY
828,Renato,Morton,renato.morton@msn.com,Mount Vernon,NY
829,Marcy,Rodriguez,marcy.rodriguez@gmail.com,Lockport,NY
830,Edmund,Gaines,edmund.gaines@gmail.com,Copperas Cove,TX
831,Lory,Berg,lory.berg@aol.com,Oswego,NY
832,Pamala,Fowler,pamala.fowler@gmail.com,Ballston Spa,NY
833,Leone,Emerson,leone.emerson@msn.com,Whitestone,NY
834,Brain,Skinner,brain.skinner@hotmail.com,Euless,TX
835,Roseanne,Maynard,roseanne.maynard@yahoo.com,Euless,TX
836,Corinna,Adams,corinna.adams@msn.com,Rosedale,NY
837,Kellye,Campbell,kellye.campbell@gmail.com,Baldwinsville,NY
838,Erna,Sloan,erna.sloan@aol.com,Howard Beach,NY
839,Carolann,Russell,carolann.russell@hotmail.com,Glen Cove,NY
840,Gilbert,Calhoun,gilbert.calhoun@msn.com,East Elmhurst,NY
841,Manie,Maxwell,manie.maxwell@gmail.com,Ronkonkoma,NY
842,Giselle,Robles,giselle.robles@hotmail.com,San Angelo,TX
843,Tessie,Farmer,tessie.farmer@msn.com,Plattsburgh,NY
844,Felica,Munoz,felica.munoz@aol.com,South Ozone Park,NY
845,Kathyrn,Bush,kathyrn.bush@gmail.com,Bronx,NY
846,Sylvester,Chan,sylvester.chan@hotmail.com,Rocklin,CA
847,Lizette,Ellison,lizette.ellison@hotmail.com,Port Washington,NY
848,Ernestina,Skinner,ernestina.skinner@hotmail.com,Elmhurst,NY
849,Phyllis,Hill,phyllis.hill@yahoo.com,Syosset,NY
850,Stephanie,Browning,stephanie.browning@yahoo.com,Rowlett,TX
851,Arlena,Buckner,arlena.buckner@hotmail.com,New Hyde Park,NY
852,Lezlie,Thompson,lezlie.thompson@yahoo.com,Freeport,NY
853,Brittney,Rojas,brittney.rojas@aol.com,Kingston,NY
854,Phylis,Adkins,phylis.adkins@msn.com,New York,NY
855,Lean,Stark,lean.stark@msn.com,Upland,CA
856,Lara,Guy,lara.guy@aol.com,Ronkonkoma,NY
857,Inga,Koch,inga.koch@msn.com,New Windsor,NY
858,Klara,Kim,klara.kim@gmail.com,Rome,NY
859,Julianne,Shannon,julianne.shannon@hotmail.com,Sugar Land,TX
860,Loni,Mullen,loni.mullen@msn.com,South Ozone Park,NY
861,Olympia,Figueroa,olympia.figueroa@hotmail.com,Hopewell Junction,NY
862,Mellie,Puckett,mellie.puckett@yahoo.com,Fresh Meadows,NY
863,Shonta,Preston,shonta.preston@msn.com,Utica,NY
864,Lore,Sykes,lore.sykes@aol.com,Buffalo,NY
865,Julia,Joyner,julia.joyner@msn.com,Astoria,NY
866,Lynwood,Jackson,lynwood.jackson@aol.com,Longview,TX
867,Rosalva,Hamilton,rosalva.hamilton@aol.com,Campbell,CA
868,Domingo,Casey,domingo.casey@msn.com,San Jose,CA
869,Rodrigo,Durham,rodrigo.durham@aol.com,Richmond Hill,NY
870,Dwain,Carlson,dwain.carlson@gmail.com,Smithtown,NY
871,Erlinda,Humphrey,erlinda.humphrey@hotmail.com,New Windsor,NY
872,Silas,Tate,silas.tate@yahoo.com,Corpus Christi,TX
873,Patience,Clayton,patience.clayton@hotmail.com,Niagara Falls,NY
874,Mila,Good,mila.good@yahoo.com,Plattsburgh,NY
875,Tanesha,Sawyer,tanesha.sawyer@aol.com,Rosedale,NY
876,Onita,Macdonald,onita.macdonald@yahoo.com,Glen Cove,NY
877,Janine,Manning,janine.manning@gmail.com,Howard Beach,NY
878,Melodie,Melton,melodie.melton@yahoo.com,Smithtown,NY
879,Ethelyn,Ray,ethelyn.ray@yahoo.com,Garden City,NY
880,Phebe,Turner,phebe.turner@aol.com,Sunnyside,NY
881,Chloe,Patel,chloe.patel@yahoo.com,Santa Monica,CA
882,Hilda,Harvey,hilda.harvey@gmail.com,Ballston Spa,NY
883,Gilberte,Duke,gilberte.duke@gmail.com,El Paso,TX
884,Willian,Hardin,willian.hardin@msn.com,Oswego,NY
885,Janna,Hayden,janna.hayden@msn.com,Longview,TX
886,Letisha,May,letisha.may@yahoo.com,North Tonawanda,NY
887,Graig,Cannon,graig.cannon@gmail.com,Syosset,NY
888,Coleen,Navarro,coleen.navarro@aol.com,Webster,NY
889,Lucilla,Williams,lucilla.williams@hotmail.com,San Carlos,CA
890,Rosanne,George,rosanne.george@yahoo.com,Ossining,NY
891,Ashlie,Parrish,ashlie.parrish@hotmail.com,Monsey,NY
892,Alissa,Craft,alissa.craft@hotmail.com,Ossining,NY
893,Letty,Cobb,letty.cobb@msn.com,Depew,NY
894,Nathaniel,Richard,nathaniel.richard@gmail.com,New Windsor,NY
895,Elaina,Key,elaina.key@msn.com,Plainview,NY
896,Stefani,Gamble,stefani.gamble@aol.com,New City,NY
897,Bettyann,Acosta,bettyann.acosta@gmail.com,Lancaster,NY
898,Crysta,Velez,crysta.velez@yahoo.com,Houston,TX
899,Carisa,Carpenter,carisa.carpenter@hotmail.com,Victoria,TX
900,Jule,Davenport,jule.davenport@aol.com,San Carlos,CA
901,Lonna,Franks,lonna.franks@yahoo.com,Ontario,CA
902,Elease,Dejesus,elease.dejesus@gmail.com,Oswego,NY
903,Maira,Long,maira.long@msn.com,Hicksville,NY
904,Jana,Thomas,jana.thomas@yahoo.com,San Jose,CA
905,Hae,Ramirez,hae.ramirez@hotmail.com,Baldwinsville,NY
906,Erik,Leblanc,erik.leblanc@aol.com,Sugar Land,TX
907,Daina,Sampson,daina.sampson@msn.com,Longview,TX
908,Delmar,Wise,delmar.wise@yahoo.com,Lockport,NY
909,Alita,Salinas,alita.salinas@hotmail.com,Uniondale,NY
910,Elenore,William,elenore.william@msn.com,Mcallen,TX
911,Nikita,Roy,nikita.roy@aol.com,Pittsford,NY
912,Inocencia,Key,inocencia.key@hotmail.com,Massapequa Park,NY
913,Liliana,Kerr,liliana.kerr@yahoo.com,Desoto,TX
914,Hortencia,O'neil,hortencia.o'neil@hotmail.com,Rockville Centre,NY
915,Beryl,Bennett,beryl.bennett@aol.com,Sacramento,CA
916,Alishia,Elliott,alishia.elliott@aol.com,Mount Vernon,NY
917,Vernia,Madden,vernia.madden@aol.com,Troy,NY
918,Kristel,Bullock,kristel.bullock@yahoo.com,Smithtown,NY
919,Ruthanne,Hoover,ruthanne.hoover@aol.com,Torrance,CA
920,James,Robles,james.robles@aol.com,North Tonawanda,NY
921,Evelin,Vargas,evelin.vargas@msn.com,Webster,NY
922,Elvia,Cardenas,elvia.cardenas@hotmail.com,Massapequa,NY
923,Randee,Pitts,randee.pitts@msn.com,Canyon Country,CA
924,Lea,Irwin,lea.irwin@gmail.com,New Windsor,NY
925,Bryce,Monroe,bryce.monroe@aol.com,Kingston,NY
926,Katina,Mcintosh,katina.mcintosh@yahoo.com,Bakersfield,CA
927,Guillermo,Hart,guillermo.hart@hotmail.com,New York,NY
928,Joann,Barber,joann.barber@gmail.com,Santa Monica,CA
929,Thurman,Ellis,thurman.ellis@gmail.com,Pleasanton,CA
930,Delana,Wagner,delana.wagner@aol.com,Clifton Park,NY
931,Porter,Bass,porter.bass@hotmail.com,San Angelo,TX
932,Yvonne,Bean,yvonne.bean@yahoo.com,Wappingers Falls,NY
933,Lurline,Rivers,lurline.rivers@msn.com,Howard Beach,NY
934,Ocie,Slater,ocie.slater@msn.com,Hamburg,NY
935,Genevie,Miles,genevie.miles@aol.com,Monroe,NY
936,Sherilyn,Wilcox,sherilyn.wilcox@gmail.com,Ossining,NY
937,Aida,Koch,aida.koch@gmail.com,West Hempstead,NY
938,Emory,O'connor,emory.o'connor@gmail.com,Rochester,NY
939,Maximina,Hutchinson,maximina.hutchinson@hotmail.com,Corpus Christi,TX
940,Marina,Hinton,marina.hinton@yahoo.com,Encino,CA
941,Danyell,Dickerson,danyell.dickerson@msn.com,Central Islip,NY
942,Davis,Long,davis.long@msn.com,Lancaster,NY
943,Lynn,Mcmahon,lynn.mcmahon@msn.com,Scarsdale,NY
944,Tonja,Henderson,tonja.henderson@aol.com,Scarsdale,NY
945,Krissy,Ochoa,krissy.ochoa@msn.com,Port Washington,NY
946,Angella,Bridges,angella.bridges@yahoo.com,Pittsford,NY
947,Angele,Castro,angele.castro@yahoo.com,Palos Verdes Peninsula,CA
948,Siobhan,Lang,siobhan.lang@gmail.com,Levittown,NY
949,Venessa,Frost,venessa.frost@msn.com,Scarsdale,NY
950,Verna,Solis,verna.solis@yahoo.com,Rochester,NY
951,Steve,Bender,steve.bender@gmail.com,Scarsdale,NY
952,Aileen,Marquez,aileen.marquez@msn.com,Torrance,CA
953,Kattie,Stevenson,kattie.stevenson@aol.com,Helotes,TX
954,Hassan,Nash,hassan.nash@yahoo.com,Hicksville,NY
955,Delfina,Gilliam,delfina.gilliam@hotmail.com,West Babylon,NY
956,Venus,Hewitt,venus.hewitt@msn.com,Farmingdale,NY
957,Stephen,Vega,stephen.vega@msn.com,Anaheim,CA
958,Ciera,Koch,ciera.koch@gmail.com,Euless,TX
959,Christel,Barber,christel.barber@hotmail.com,Sacramento,CA
960,Arline,Lawson,arline.lawson@gmail.com,Hempstead,NY
961,Iva,Wilcox,iva.wilcox@aol.com,Kingston,NY
962,Maple,Griffin,maple.griffin@gmail.com,Copperas Cove,TX
963,Anisha,Lang,anisha.lang@aol.com,Rome,NY
964,Brent,Calderon,brent.calderon@aol.com,Corpus Christi,TX
965,Margit,Osborn,margit.osborn@yahoo.com,Plainview,NY
966,Novella,Patel,novella.patel@gmail.com,Glen Cove,NY
967,Laurette,Hebert,laurette.hebert@msn.com,Canandaigua,NY
968,Jonna,Brown,jonna.brown@aol.com,Mahopac,NY
969,Jennell,Solis,jennell.solis@hotmail.com,Rochester,NY
970,Ruth,Horton,ruth.horton@gmail.com,Hollis,NY
971,Samual,Warner,samual.warner@gmail.com,Brentwood,NY
972,Damian,Mills,damian.mills@yahoo.com,Long Beach,NY
973,Margaretta,Clayton,margaretta.clayton@yahoo.com,Ridgecrest,CA
974,Marcell,Barrett,marcell.barrett@gmail.com,Astoria,NY
975,Annis,Sanchez,annis.sanchez@aol.com,Los Angeles,CA
976,Ayanna,Cherry,ayanna.cherry@yahoo.com,Smithtown,NY
977,Barton,Cox,barton.cox@yahoo.com,Amityville,NY
978,Diana,Reyes,diana.reyes@msn.com,Bronx,NY
979,Ingeborg,Ellison,ingeborg.ellison@yahoo.com,Ithaca,NY
980,Carter,Booth,carter.booth@msn.com,Port Chester,NY
981,Christel,Cardenas,christel.cardenas@aol.com,Long Beach,NY
982,Orval,Hunter,orval.hunter@aol.com,San Angelo,TX
983,Marguerite,Berger,marguerite.berger@aol.com,Fullerton,CA
984,Ivette,Warren,ivette.warren@gmail.com,Franklin Square,NY
985,Milagros,Weber,milagros.weber@hotmail.com,Harlingen,TX
986,Marcel,Lindsay,marcel.lindsay@hotmail.com,Ossining,NY
987,Louis,Powell,louis.powell@aol.com,Staten Island,NY
988,Vanda,Holmes,vanda.holmes@aol.com,Syosset,NY
989,Loreen,Byers,loreen.byers@yahoo.com,South Ozone Park,NY
990,Casimira,Chapman,casimira.chapman@yahoo.com,Monroe,NY
991,Brigida,Larson,brigida.larson@hotmail.com,Canyon Country,CA
992,Chere,Alston,chere.alston@gmail.com,Patchogue,NY
993,Giovanna,Jefferson,giovanna.jefferson@gmail.com,Ridgecrest,CA
994,Demarcus,Reese,demarcus.reese@gmail.com,Yorktown Heights,NY
995,Amina,Salazar,amina.salazar@aol.com,Canandaigua,NY
996,Serafina,Clemons,serafina.clemons@gmail.com,Shirley,NY
997,Trinidad,Mcclain,trinidad.mcclain@msn.com,Baldwin,NY
998,Heather,Chaney,heather.chaney@yahoo.com,Jamestown,NY
999,Latoya,Johns,latoya.johns@hotmail.com,Ballston Spa,NY
1000,Shiloh,Reeves,shiloh.reeves@msn.com,West Babylon,NY
1001,Lee,Roman,lee.roman@gmail.com,Brentwood,NY
1002,Cami,Williamson,cami.williamson@hotmail.com,Massapequa,NY
1003,Sharell,Ross,sharell.ross@msn.com,Vista,CA
1004,Jerald,Blackwell,jerald.blackwell@hotmail.com,East Elmhurst,NY
1005,Ruthanne,Franco,ruthanne.franco@yahoo.com,Astoria,NY
1006,Marjory,Leonard,marjory.leonard@msn.com,Apple Valley,CA
1007,Jimmy,Russell,jimmy.russell@hotmail.com,Howard Beach,NY
1008,Berneice,Pollard,berneice.pollard@hotmail.com,Forney,TX
1009,Deangelo,Cooley,deangelo.cooley@aol.com,Rosedale,NY
1010,Katia,Henry,katia.henry@msn.com,Bethpage,NY
1011,Sebrina,Gross,sebrina.gross@yahoo.com,Garland,TX
1012,Josephine,Dale,josephine.dale@aol.com,Baldwinsville,NY
1013,Alma,Peck,alma.peck@aol.com,Corona,NY
1014,Ling,Newman,ling.newman@msn.com,South Richmond Hill,NY
1015,Nichelle,Rosario,nichelle.rosario@hotmail.com,Garden City,NY
1016,Shenna,Benton,shenna.benton@msn.com,New York,NY
1017,Philip,Bryan,philip.bryan@hotmail.com,Oakland,CA
1018,Carita,Salinas,carita.salinas@yahoo.com,Maspeth,NY
1019,Janie,Herrera,janie.herrera@gmail.com,Elmhurst,NY
1020,Lorraine,Marks,lorraine.marks@msn.com,San Carlos,CA
1021,Nicolas,Carlson,nicolas.carlson@yahoo.com,Saint Albans,NY
1022,Hye,Mercer,hye.mercer@gmail.com,Mahopac,NY
1023,Adena,Blake,adena.blake@hotmail.com,Ballston Spa,NY
1024,Coleman,Boyd,coleman.boyd@yahoo.com,El Paso,TX
1025,Daphine,Willis,daphine.willis@msn.com,Farmingdale,NY
1026,Jenine,Dawson,jenine.dawson@msn.com,Endicott,NY
1027,Shanita,Wiley,shanita.wiley@yahoo.com,Saint Albans,NY
1028,Shanna,Bonner,shanna.bonner@msn.com,Canandaigua,NY
1029,Ping,Quinn,ping.quinn@gmail.com,Rowlett,TX
1030,Saran,Moses,saran.moses@yahoo.com,Brooklyn,NY
1031,Tonja,Bean,tonja.bean@aol.com,Fairport,NY
1032,Vernon,Knowles,vernon.knowles@yahoo.com,Huntington Station,NY
1033,Jeannette,Skinner,jeannette.skinner@yahoo.com,Forest Hills,NY
1034,Rico,Salas,rico.salas@msn.com,Centereach,NY
1035,Tangela,Hurley,tangela.hurley@msn.com,Campbell,CA
1036,Randee,Lester,randee.lester@gmail.com,Centereach,NY
1037,Ashanti,Hammond,ashanti.hammond@msn.com,Nanuet,NY
1038,Garry,Juarez,garry.juarez@hotmail.com,Forest Hills,NY
1039,Bee,Baker,bee.baker@aol.com,Liverpool,NY
1040,Shantae,Hammond,shantae.hammond@hotmail.com,Victoria,TX
1041,Bettye,Espinoza,bettye.espinoza@yahoo.com,Oswego,NY
1042,Larissa,Hays,larissa.hays@aol.com,Elmont,NY
1043,Diane,Jones,diane.jones@gmail.com,Fresh Meadows,NY
1044,Zenia,Bruce,zenia.bruce@aol.com,Rosedale,NY
1045,Pasquale,Hogan,pasquale.hogan@aol.com,Vista,CA
1046,Dane,Mcdaniel,dane.mcdaniel@hotmail.com,Canandaigua,NY
1047,Jamaal,Baker,jamaal.baker@hotmail.com,Elmhurst,NY
1048,Ji,Burt,ji.burt@hotmail.com,Apple Valley,CA
1049,Marcelino,Mcbride,marcelino.mcbride@hotmail.com,Clifton Park,NY
1050,Rozella,Fitzgerald,rozella.fitzgerald@yahoo.com,Shirley,NY
1051,Tonisha,Fowler,tonisha.fowler@msn.com,Huntington Station,NY
1052,Zora,Ford,zora.ford@gmail.com,Sacramento,CA
1053,Parthenia,Figueroa,parthenia.figueroa@msn.com,Mahopac,NY
1054,Arielle,Levine,arielle.levine@yahoo.com,Garland,TX
1055,Hildegarde,Christensen,hildegarde.christensen@hotmail.com,Maspeth,NY
1056,Rebbecca,Espinoza,rebbecca.espinoza@hotmail.com,Mount Vernon,NY
1057,Conchita,Boone,conchita.boone@gmail.com,Mount Vernon,NY
1058,Aisha,Woods,aisha.woods@gmail.com,Webster,NY
1059,Season,Harvey,season.harvey@yahoo.com,East Northport,NY
1060,Tommie,Cooley,tommie.cooley@yahoo.com,Lancaster,NY
1061,Alanna,Barry,alanna.barry@yahoo.com,Euless,TX
1062,Jerri,Guthrie,jerri.guthrie@msn.com,Carmel,NY
1063,Tammy,Austin,tammy.austin@yahoo.com,Lake Jackson,TX
1064,Patsy,Russo,patsy.russo@gmail.com,Rowlett,TX
1065,Desiree,Branch,desiree.branch@msn.com,San Lorenzo,CA
1066,Raeann,Duncan,raeann.duncan@aol.com,Anaheim,CA
1067,Lillia,Gillespie,lillia.gillespie@hotmail.com,Rego Park,NY
1068,Doris,Kaufman,doris.kaufman@gmail.com,Duarte,CA
1069,Rodolfo,Buck,rodolfo.buck@gmail.com,Shirley,NY
1070,Olimpia,Mays,olimpia.mays@aol.com,Oakland Gardens,NY
1071,Shemeka,Lyons,shemeka.lyons@msn.com,Pomona,CA
1072,Maryalice,Henry,maryalice.henry@msn.com,Richardson,TX
1073,Leeanne,Cross,leeanne.cross@yahoo.com,Bayside,NY
1074,Lanelle,Guerra,lanelle.guerra@yahoo.com,Floral Park,NY
1075,Dann,Huff,dann.huff@gmail.com,Huntington Station,NY
1076,Sherise,Mercer,sherise.mercer@gmail.com,Vista,CA
1077,Heather,Perry,heather.perry@gmail.com,Sunnyside,NY
1078,Theresia,Barron,theresia.barron@aol.com,Forest Hills,NY
1079,Cindi,Ellis,cindi.ellis@yahoo.com,Floral Park,NY
1080,Mirella,Duffy,mirella.duffy@yahoo.com,Longview,TX
1081,Carson,Macias,carson.macias@gmail.com,New Rochelle,NY
1082,Divina,Madden,divina.madden@gmail.com,Long Beach,NY
1083,Cher,Alston,cher.alston@msn.com,Wantagh,NY
1084,Regine,Odom,regine.odom@msn.com,Franklin Square,NY
1085,Adam,Thornton,adam.thornton@hotmail.com,Central Islip,NY
1086,Cori,Schwartz,cori.schwartz@msn.com,Jamaica,NY
1087,Willow,Gardner,willow.gardner@gmail.com,Pleasanton,CA
1088,Jane,Henderson,jane.henderson@hotmail.com,Apple Valley,CA
1089,Chere,Mcfadden,chere.mcfadden@yahoo.com,Orchard Park,NY
1090,Ira,Erickson,ira.erickson@aol.com,Port Jefferson Station,NY
1091,Risa,Gallagher,risa.gallagher@yahoo.com,Rocklin,CA
1092,Lavinia,Cotton,lavinia.cotton@yahoo.com,East Northport,NY
1093,Alejandrina,Hodges,alejandrina.hodges@msn.com,Deer Park,NY
1094,Keitha,Black,keitha.black@yahoo.com,Lindenhurst,NY
1095,Corene,Swanson,corene.swanson@aol.com,Rego Park,NY
1096,Tonda,Webb,tonda.webb@yahoo.com,Baldwinsville,NY
1097,Collen,Dennis,collen.dennis@gmail.com,San Pablo,CA
1098,Treasa,Dickerson,treasa.dickerson@hotmail.com,Rockville Centre,NY
1099,Jewell,Reyes,jewell.reyes@hotmail.com,Jackson Heights,NY
1100,Penny,Acevedo,penny.acevedo@yahoo.com,Ballston Spa,NY
1101,Louise,Flowers,louise.flowers@yahoo.com,Depew,NY
1102,Henrietta,Wagner,henrietta.wagner@hotmail.com,Fort Worth,TX
1103,Ardelia,Cooley,ardelia.cooley@aol.com,Canyon Country,CA
1104,Khalilah,Robertson,khalilah.robertson@aol.com,Spring Valley,NY
1105,Armando,Black,armando.black@gmail.com,Richardson,TX
1106,Jerri,Henry,jerri.henry@msn.com,Spring Valley,NY
1107,Lynda,Newman,lynda.newman@msn.com,Saratoga Springs,NY
1108,Bao,Wade,bao.wade@gmail.com,Desoto,TX
1109,Gussie,Harding,gussie.harding@gmail.com,Deer Park,NY
1110,Shirely,Cantrell,shirely.cantrell@aol.com,West Hempstead,NY
1111,Caroline,Jenkins,caroline.jenkins@msn.com,Richardson,TX
1112,Hollis,Rasmussen,hollis.rasmussen@yahoo.com,Massapequa,NY
1113,Kendra,Harrington,kendra.harrington@yahoo.com,Jamestown,NY
1114,Douglass,Blankenship,douglass.blankenship@hotmail.com,Albany,NY
1115,Lina,Meadows,lina.meadows@aol.com,Glen Cove,NY
1116,Patria,Harper,patria.harper@msn.com,Astoria,NY
1117,Jeffrey,Hill,jeffrey.hill@gmail.com,Rosedale,NY
1118,Ja,Dillard,ja.dillard@yahoo.com,Canyon Country,CA
1119,Tora,Dunlap,tora.dunlap@hotmail.com,Monsey,NY
1120,Karole,Alvarez,karole.alvarez@gmail.com,East Northport,NY
1121,Shasta,Combs,shasta.combs@yahoo.com,Yorktown Heights,NY
1122,Cicely,Deleon,cicely.deleon@yahoo.com,Massapequa Park,NY
1123,Raphael,O'neil,raphael.o'neil@aol.com,Fairport,NY
1124,Hubert,Reilly,hubert.reilly@hotmail.com,Amityville,NY
1125,Caleb,England,caleb.england@gmail.com,Pleasanton,CA
1126,Elmira,Levy,elmira.levy@gmail.com,Spring Valley,NY
1127,Waldo,Hart,waldo.hart@yahoo.com,Queensbury,NY
1128,Bea,Kane,bea.kane@aol.com,Mahopac,NY
1129,Gilberto,Sanders,gilberto.sanders@hotmail.com,Woodside,NY
1130,Benny,Bender,benny.bender@aol.com,Elmont,NY
1131,Desmond,Rose,desmond.rose@hotmail.com,Mount Vernon,NY
1132,Parthenia,Holman,parthenia.holman@gmail.com,Ithaca,NY
1133,Dung,King,dung.king@aol.com,West Islip,NY
1134,Sherril,Alvarado,sherril.alvarado@hotmail.com,Desoto,TX
1135,Alisia,Albert,alisia.albert@gmail.com,Garland,TX
1136,Kallie,Best,kallie.best@aol.com,Rochester,NY
1137,Dottie,Roberts,dottie.roberts@aol.com,Port Washington,NY
1138,Hubert,Stone,hubert.stone@hotmail.com,Ridgecrest,CA
1139,Gabriella,Jones,gabriella.jones@hotmail.com,Mount Vernon,NY
1140,Penney,Hall,penney.hall@msn.com,Liverpool,NY
1141,Mallie,Osborn,mallie.osborn@gmail.com,Newburgh,NY
1142,Britteny,Schroeder,britteny.schroeder@aol.com,Pittsford,NY
1143,Sommer,Hopkins,sommer.hopkins@gmail.com,Tonawanda,NY
1144,Jewel,Sparks,jewel.sparks@aol.com,Oakland Gardens,NY
1145,Deandrea,Vega,deandrea.vega@gmail.com,Yonkers,NY
1146,Charlsie,Carson,charlsie.carson@hotmail.com,Saint Albans,NY
1147,Kandace,Ayers,kandace.ayers@gmail.com,Santa Monica,CA
1148,Lenore,Valdez,lenore.valdez@msn.com,Spring Valley,NY
1149,Drucilla,Gilliam,drucilla.gilliam@hotmail.com,Santa Clara,CA
1150,Keturah,Reid,keturah.reid@yahoo.com,Corpus Christi,TX
1151,Herminia,Reyes,herminia.reyes@gmail.com,Centereach,NY
1152,Tuyet,Rosa,tuyet.rosa@aol.com,South El Monte,CA
1153,Ara,Vazquez,ara.vazquez@msn.com,San Carlos,CA
1154,Barry,Albert,barry.albert@gmail.com,Auburn,NY
1155,Verdell,Joyner,verdell.joyner@aol.com,Far Rockaway,NY
1156,Han,Wade,han.wade@hotmail.com,Howard Beach,NY
1157,Anton,Barton,anton.barton@msn.com,Buffalo,NY
1158,Vito,Pickett,vito.pickett@hotmail.com,Canandaigua,NY
1159,Charlene,Norris,charlene.norris@msn.com,Syosset,NY
1160,Efren,Whitfield,efren.whitfield@gmail.com,Euless,TX
1161,Santa,Larson,santa.larson@gmail.com,Valley Stream,NY
1162,Carmelina,Sellers,carmelina.sellers@hotmail.com,Ithaca,NY
1163,Carmela,Hays,carmela.hays@aol.com,Lawndale,CA
1164,Patrina,Tanner,patrina.tanner@gmail.com,Scarsdale,NY
1165,Rikki,Morrow,rikki.morrow@hotmail.com,Fort Worth,TX
1166,Junita,Reese,junita.reese@gmail.com,Bay Shore,NY
1167,Ryan,Carter,ryan.carter@yahoo.com,Nanuet,NY
1168,Almeta,Benjamin,almeta.benjamin@aol.com,Sunnyside,NY
1169,Beatris,Joyner,beatris.joyner@gmail.com,Spring Valley,NY
1170,Mechelle,Chan,mechelle.chan@gmail.com,Richmond Hill,NY
1171,Earlean,Pena,earlean.pena@yahoo.com,Rome,NY
1172,Katherin,Clark,katherin.clark@yahoo.com,Pittsford,NY
1173,Chanel,May,chanel.may@msn.com,Garden City,NY
1174,Aaron,Knapp,aaron.knapp@yahoo.com,Yonkers,NY
1175,Sindy,Anderson,sindy.anderson@gmail.com,Pomona,CA
1176,Sheree,Blanchard,sheree.blanchard@gmail.com,Queensbury,NY
1177,Charlesetta,Soto,charlesetta.soto@yahoo.com,Poughkeepsie,NY
1178,Wendie,Nash,wendie.nash@hotmail.com,Oxnard,CA
1179,Vernetta,Banks,vernetta.banks@aol.com,Brooklyn,NY
1180,Myrtle,Gardner,myrtle.gardner@aol.com,Farmingdale,NY
1181,Agustina,Lawrence,agustina.lawrence@yahoo.com,Brooklyn,NY
1182,Trinidad,Chapman,trinidad.chapman@aol.com,Ronkonkoma,NY
1183,Kim,Clark,kim.clark@msn.com,Merrick,NY
1184,Annabelle,Hebert,annabelle.hebert@aol.com,Spring Valley,NY
1185,Corine,Stuart,corine.stuart@msn.com,Clifton Park,NY
1186,Kiesha,Bond,kiesha.bond@aol.com,San Carlos,CA
1187,Kenyetta,Mason,kenyetta.mason@msn.com,Flushing,NY
1188,Marcene,Curtis,marcene.curtis@msn.com,Yonkers,NY
1189,Sheila,Goodman,sheila.goodman@msn.com,Uniondale,NY
1190,Romeo,Steele,romeo.steele@msn.com,Port Jefferson Station,NY
1191,Tam,Fisher,tam.fisher@aol.com,Rochester,NY
1192,Gena,Owens,gena.owens@gmail.com,Desoto,TX
1193,Phebe,Soto,phebe.soto@hotmail.com,South Ozone Park,NY
1194,Leticia,Snyder,leticia.snyder@yahoo.com,Pittsford,NY
1195,Chantell,Bridges,chantell.bridges@yahoo.com,Buffalo,NY
1196,Ileana,Holt,ileana.holt@msn.com,Patchogue,NY
1197,Nakisha,Clay,nakisha.clay@gmail.com,Port Washington,NY
1198,Cheryll,Snyder,cheryll.snyder@yahoo.com,Brooklyn,NY
1199,Consuela,Collier,consuela.collier@msn.com,North Tonawanda,NY
1200,Aubrey,Durham,aubrey.durham@aol.com,Port Washington,NY
1201,Nita,Guy,nita.guy@hotmail.com,Port Chester,NY
1202,Carmina,Emerson,carmina.emerson@hotmail.com,Banning,CA
1203,Georgeann,Rojas,georgeann.rojas@msn.com,Desoto,TX
1204,Leslie,Higgins,leslie.higgins@hotmail.com,Saratoga Springs,NY
1205,Emmaline,Huber,emmaline.huber@gmail.com,Mount Vernon,NY
1206,Mercy,Brown,mercy.brown@msn.com,Hollis,NY
1207,Jenell,Crosby,jenell.crosby@hotmail.com,Brentwood,NY
1208,Leila,Barr,leila.barr@yahoo.com,Carmel,NY
1209,Deandrea,Cox,deandrea.cox@msn.com,Huntington,NY
1210,Shawnna,Frank,shawnna.frank@hotmail.com,Woodside,NY
1211,Brenton,Whitaker,brenton.whitaker@gmail.com,Niagara Falls,NY
1212,Jaqueline,Cummings,jaqueline.cummings@hotmail.com,Huntington Station,NY
1213,Yang,Giles,yang.giles@gmail.com,San Angelo,TX
1214,Brigid,Sharp,brigid.sharp@hotmail.com,Santa Clara,CA
1215,Karl,Stephens,karl.stephens@gmail.com,Rockville Centre,NY
1216,Elvina,Gates,elvina.gates@hotmail.com,Pleasanton,CA
1217,Carlie,Terrell,carlie.terrell@yahoo.com,Yonkers,NY
1218,Donovan,Cantrell,donovan.cantrell@msn.com,Oakland,CA
1219,Alden,Atkinson,alden.atkinson@gmail.com,Shirley,NY
1220,Carissa,Cross,carissa.cross@yahoo.com,Huntington Station,NY
1221,Joy,Underwood,joy.underwood@gmail.com,Apple Valley,CA
1222,Geraldine,O'donnell,geraldine.o'donnell@hotmail.com,Flushing,NY
1223,Bronwyn,Vargas,bronwyn.vargas@msn.com,New Windsor,NY
1224,Abram,Copeland,abram.copeland@gmail.com,Harlingen,TX
1225,Mellisa,Griffin,mellisa.griffin@msn.com,Los Banos,CA
1226,Qiana,Jackson,qiana.jackson@gmail.com,East Northport,NY
1227,Magali,Dixon,magali.dixon@msn.com,Troy,NY
1228,Zulema,Clemons,zulema.clemons@aol.com,Oakland,CA
1229,Carina,Lynch,carina.lynch@gmail.com,Wappingers Falls,NY
1230,Jesus,Burch,jesus.burch@hotmail.com,Desoto,TX
1231,Selene,Vega,selene.vega@gmail.com,Campbell,CA
1232,Jong,Guthrie,jong.guthrie@hotmail.com,Bethpage,NY
1233,Lise,Hebert,lise.hebert@gmail.com,Vista,CA
1234,Joshua,Berg,joshua.berg@hotmail.com,Ossining,NY
1235,Georgina,Gonzales,georgina.gonzales@yahoo.com,Endicott,NY
1236,Rudolph,Velez,rudolph.velez@yahoo.com,Mount Vernon,NY
1237,Luke,Kramer,luke.kramer@hotmail.com,Bethpage,NY
1238,Edgar,Quinn,edgar.quinn@aol.com,Harlingen,TX
1239,Tara,Maynard,tara.maynard@hotmail.com,Lindenhurst,NY
1240,Bella,Perez,bella.perez@msn.com,Duarte,CA
1241,Nathaniel,Davidson,nathaniel.davidson@hotmail.com,Rome,NY
1242,Chauncey,Donaldson,chauncey.donaldson@aol.com,Franklin Square,NY
1243,Heide,Reed,heide.reed@yahoo.com,Floral Park,NY
1244,Trang,Hardin,trang.hardin@yahoo.com,Depew,NY
1245,Gabriela,Warren,gabriela.warren@aol.com,Long Beach,NY
1246,Dale,Rasmussen,dale.rasmussen@aol.com,Kingston,NY
1247,Tammie,Cherry,tammie.cherry@hotmail.com,Massapequa,NY
1248,Bethany,Herring,bethany.herring@yahoo.com,Port Jefferson Station,NY
1249,Barbra,Dickerson,barbra.dickerson@gmail.com,Ridgecrest,CA
1250,Neoma,Daugherty,neoma.daugherty@gmail.com,Mount Vernon,NY
1251,Nanette,Roman,nanette.roman@yahoo.com,Glendora,CA
1252,Adriene,Rollins,adriene.rollins@msn.com,Plainview,NY
1253,Susannah,Fields,susannah.fields@hotmail.com,Far Rockaway,NY
1254,Dung,Reid,dung.reid@msn.com,Canyon Country,CA
1255,Ben,Stone,ben.stone@gmail.com,Ithaca,NY
1256,Nubia,Anderson,nubia.anderson@aol.com,Ronkonkoma,NY
1257,Rosamaria,Meyer,rosamaria.meyer@yahoo.com,Webster,NY
1258,Todd,Waters,todd.waters@yahoo.com,Bay Shore,NY
1259,Kimbery,Nieves,kimbery.nieves@msn.com,San Carlos,CA
1260,Phuong,Wolf,phuong.wolf@yahoo.com,Schenectady,NY
1261,Adelaida,Hancock,adelaida.hancock@aol.com,San Pablo,CA
1262,Brianne,Hays,brianne.hays@gmail.com,San Pablo,CA
1263,Rufina,Chandler,rufina.chandler@aol.com,New Hyde Park,NY
1264,Devin,Velazquez,devin.velazquez@aol.com,Brentwood,NY
1265,Bonita,Marshall,bonita.marshall@msn.com,Endicott,NY
1266,Myrl,Gay,myrl.gay@hotmail.com,Garland,TX
1267,Earline,Gordon,earline.gordon@gmail.com,Ronkonkoma,NY
1268,Sung,Chambers,sung.chambers@gmail.com,Kingston,NY
1269,Gustavo,Gamble,gustavo.gamble@msn.com,Port Washington,NY
1270,Ciera,Webb,ciera.webb@yahoo.com,Orchard Park,NY
1271,Roy,Chan,roy.chan@hotmail.com,Pomona,CA
1272,Houston,Vasquez,houston.vasquez@msn.com,Fullerton,CA
1273,Cheree,Hale,cheree.hale@yahoo.com,Oswego,NY
1274,Odette,Moses,odette.moses@gmail.com,Newburgh,NY
1275,Lenita,Bonner,lenita.bonner@aol.com,Los Banos,CA
1276,Shona,Mcmillan,shona.mcmillan@msn.com,Apple Valley,CA
1277,Piedad,Irwin,piedad.irwin@hotmail.com,Coram,NY
1278,Loan,Graham,loan.graham@yahoo.com,Jackson Heights,NY
1279,Stan,Saunders,stan.saunders@yahoo.com,Canandaigua,NY
1280,Jackeline,Colon,jackeline.colon@msn.com,Wappingers Falls,NY
1281,Marlen,Dawson,marlen.dawson@msn.com,Woodside,NY
1282,Alexis,Mack,alexis.mack@aol.com,New City,NY
1283,Mica,Barry,mica.barry@yahoo.com,Hopewell Junction,NY
1284,Shanice,Spears,shanice.spears@msn.com,Brooklyn,NY
1285,Garth,Huff,garth.huff@yahoo.com,Glendora,CA
1286,Dione,Pratt,dione.pratt@msn.com,Pleasanton,CA
1287,Victor,Pittman,victor.pittman@aol.com,Astoria,NY
1288,Allie,Conley,allie.conley@msn.com,Lawndale,CA
1289,Shanelle,Anderson,shanelle.anderson@yahoo.com,Bethpage,NY
1290,Minnie,Compton,minnie.compton@gmail.com,South Richmond Hill,NY
1291,Shiloh,Bates,shiloh.bates@msn.com,Monsey,NY
1292,Lakenya,Oliver,lakenya.oliver@yahoo.com,San Lorenzo,CA
1293,Sally,Kinney,sally.kinney@msn.com,Floral Park,NY
1294,Edith,Davenport,edith.davenport@gmail.com,Ontario,CA
1295,Alline,Beasley,alline.beasley@yahoo.com,North Tonawanda,NY
1296,Travis,Whitley,travis.whitley@aol.com,Saint Albans,NY
1297,Vanessa,West,vanessa.west@gmail.com,New Rochelle,NY
1298,Trudy,Riddle,trudy.riddle@aol.com,Schenectady,NY
1299,Shauna,Edwards,shauna.edwards@msn.com,Yorktown Heights,NY
1300,Clorinda,Donovan,clorinda.donovan@msn.com,Jamestown,NY
1301,Raven,Curtis,raven.curtis@aol.com,Lawndale,CA
1302,Verda,Gilbert,verda.gilbert@gmail.com,East Northport,NY
1303,Renay,Atkins,renay.atkins@aol.com,Woodside,NY
1304,Tama,Berg,tama.berg@hotmail.com,Hollis,NY
1305,Dalia,Carson,dalia.carson@aol.com,Rochester,NY
1306,America,Swanson,america.swanson@msn.com,Webster,NY
1307,Cinda,Rocha,cinda.rocha@hotmail.com,Los Banos,CA
1308,Shea,Howell,shea.howell@msn.com,South El Monte,CA
1309,Kimberli,Cline,kimberli.cline@yahoo.com,Centereach,NY
1310,Emanuel,Mckee,emanuel.mckee@yahoo.com,Schenectady,NY
1311,Whitley,Cannon,whitley.cannon@msn.com,Coram,NY
1312,Tereasa,Bird,tereasa.bird@aol.com,Ronkonkoma,NY
1313,Dante,Grimes,dante.grimes@yahoo.com,Duarte,CA
1314,Joeann,Garrison,joeann.garrison@yahoo.com,Ontario,CA
1315,Omega,Johnston,omega.johnston@gmail.com,Canyon Country,CA
1316,Conrad,Mueller,conrad.mueller@yahoo.com,Massapequa,NY
1317,Glady,Wells,glady.wells@gmail.com,Syosset,NY
1318,Tisha,Petty,tisha.petty@msn.com,San Antonio,TX
1319,Claris,Santiago,claris.santiago@msn.com,Newburgh,NY
1320,Obdulia,Barber,obdulia.barber@gmail.com,Newburgh,NY
1321,Shantel,Gregory,shantel.gregory@yahoo.com,West Islip,NY
1322,Ai,Forbes,ai.forbes@yahoo.com,Franklin Square,NY
1323,Ebony,Cotton,ebony.cotton@yahoo.com,West Babylon,NY
1324,Arla,Ellis,arla.ellis@yahoo.com,Utica,NY
1325,Magdalena,Sherman,magdalena.sherman@gmail.com,Oswego,NY
1326,Tarra,Guerrero,tarra.guerrero@aol.com,Auburn,NY
1327,Consuela,Romero,consuela.romero@hotmail.com,Monroe,NY
1328,Cindie,Franklin,cindie.franklin@yahoo.com,Lawndale,CA
1329,Sharyn,Brewer,sharyn.brewer@aol.com,Hollis,NY
1330,Karren,Stevenson,karren.stevenson@aol.com,San Carlos,CA
1331,Divina,Reeves,divina.reeves@hotmail.com,Newburgh,NY
1332,Novella,Ross,novella.ross@gmail.com,Glendora,CA
1333,Omega,Huff,omega.huff@aol.com,Santa Monica,CA
1334,Ashleigh,Finch,ashleigh.finch@yahoo.com,Newburgh,NY
1335,Corina,Lynch,corina.lynch@msn.com,Rosedale,NY
1336,Joe,Melton,joe.melton@gmail.com,New Windsor,NY
1337,Bernetta,Summers,bernetta.summers@aol.com,Longview,TX
1338,Inez,Snider,inez.snider@gmail.com,Ronkonkoma,NY
1339,Neida,King,neida.king@aol.com,Oceanside,NY
1340,Tona,Velasquez,tona.velasquez@msn.com,Whitestone,NY
1341,Rozanne,Reyes,rozanne.reyes@aol.com,Garden City,NY
1342,Lekisha,Pope,lekisha.pope@msn.com,Freeport,NY
1343,Jama,Rodriquez,jama.rodriquez@msn.com,Upland,CA
1344,Eloisa,Tucker,eloisa.tucker@hotmail.com,Howard Beach,NY
1345,Arie,Hunter,arie.hunter@msn.com,Flushing,NY
1346,Sanora,Webster,sanora.webster@msn.com,Los Angeles,CA
1347,Kate,Barber,kate.barber@hotmail.com,Saratoga Springs,NY
1348,Yvone,Guerrero,yvone.guerrero@aol.com,Merrick,NY
1349,Kami,Rios,kami.rios@yahoo.com,Encino,CA
1350,Annett,Rush,annett.rush@hotmail.com,Rosedale,NY
1351,Carman,Hardy,carman.hardy@yahoo.com,Jamestown,NY
1352,Dorothea,Miranda,dorothea.miranda@aol.com,Upland,CA
1353,Agatha,Daniels,agatha.daniels@yahoo.com,South El Monte,CA
1354,Alexandria,Zamora,alexandria.zamora@yahoo.com,Schenectady,NY
1355,Thad,Gilliam,thad.gilliam@hotmail.com,Levittown,NY
1356,Inger,Jennings,inger.jennings@yahoo.com,Patchogue,NY
1357,Karren,Lamb,karren.lamb@aol.com,Fresno,CA
1358,Noble,Glover,noble.glover@gmail.com,Orchard Park,NY
1359,Octavia,Donaldson,octavia.donaldson@hotmail.com,Levittown,NY
1360,Latashia,Travis,latashia.travis@yahoo.com,Upland,CA
1361,Destiny,Goodman,destiny.goodman@msn.com,Westbury,NY
1362,Christiana,Gross,christiana.gross@yahoo.com,Orchard Park,NY
1363,Nestor,Haynes,nestor.haynes@msn.com,Houston,TX
1364,Grisel,Maynard,grisel.maynard@msn.com,Ballston Spa,NY
1365,Shenna,Espinoza,shenna.espinoza@gmail.com,Queensbury,NY
1366,Trena,Rogers,trena.rogers@aol.com,Campbell,CA
1367,Lucile,Manning,lucile.manning@yahoo.com,Campbell,CA
1368,Veronique,Fulton,veronique.fulton@yahoo.com,Ballston Spa,NY
1369,Starr,Schneider,starr.schneider@aol.com,Shirley,NY
1370,Rona,Rojas,rona.rojas@gmail.com,San Jose,CA
1371,Pandora,Estes,pandora.estes@aol.com,New Hyde Park,NY
1372,Renna,Williams,renna.williams@hotmail.com,South Ozone Park,NY
1373,Lanora,Robbins,lanora.robbins@hotmail.com,West Babylon,NY
1374,Juliane,Dillard,juliane.dillard@aol.com,Glendora,CA
1375,Carlena,Salinas,carlena.salinas@gmail.com,Jamaica,NY
1376,Kimberley,Reynolds,kimberley.reynolds@aol.com,Port Washington,NY
1377,Johana,Jacobson,johana.jacobson@gmail.com,Rochester,NY
1378,Enoch,Rosario,enoch.rosario@hotmail.com,Fresno,CA
1379,Dorine,Thornton,dorine.thornton@gmail.com,Sunnyside,NY
1380,Eliz,Lynch,eliz.lynch@hotmail.com,Uniondale,NY
1381,Mercedez,Brooks,mercedez.brooks@hotmail.com,Duarte,CA
1382,Wynona,Douglas,wynona.douglas@msn.com,Harlingen,TX
1383,Desire,Mcgowan,desire.mcgowan@msn.com,Bakersfield,CA
1384,Elmo,Sweeney,elmo.sweeney@yahoo.com,San Carlos,CA
1385,Kenton,Hughes,kenton.hughes@gmail.com,Canandaigua,NY
1386,Cesar,Wilkins,cesar.wilkins@hotmail.com,San Diego,CA
1387,Phylicia,Stout,phylicia.stout@aol.com,Canandaigua,NY
1388,Nanette,Harris,nanette.harris@hotmail.com,East Meadow,NY
1389,Ulrike,Chan,ulrike.chan@aol.com,Port Chester,NY
1390,Genoveva,Lloyd,genoveva.lloyd@aol.com,Bayside,NY
1391,Sheryl,Chase,sheryl.chase@gmail.com,Floral Park,NY
1392,Trista,Lambert,trista.lambert@gmail.com,Fairport,NY
1393,Vivian,Deleon,vivian.deleon@msn.com,Jamaica,NY
1394,Genny,Fields,genny.fields@msn.com,Amityville,NY
1395,Eliseo,Knight,eliseo.knight@msn.com,Woodhaven,NY
1396,Delma,Bailey,delma.bailey@gmail.com,Anaheim,CA
1397,Dewayne,Herring,dewayne.herring@aol.com,Webster,NY
1398,Nevada,Hood,nevada.hood@aol.com,Hopewell Junction,NY
1399,Angelika,Perry,angelika.perry@msn.com,Canandaigua,NY
1400,Shayla,Hart,shayla.hart@msn.com,Woodhaven,NY
1401,Willetta,Murphy,willetta.murphy@msn.com,East Elmhurst,NY
1402,Sandee,Alvarado,sandee.alvarado@aol.com,Depew,NY
1403,Mila,Moody,mila.moody@gmail.com,Troy,NY
1404,Loyce,Conway,loyce.conway@aol.com,Central Islip,NY
1405,Thanh,Figueroa,thanh.figueroa@yahoo.com,Mount Vernon,NY
1406,Farrah,Orr,farrah.orr@msn.com,New Hyde Park,NY
1407,Hugh,Craft,hugh.craft@msn.com,Centereach,NY
1408,Eleanor,Mendez,eleanor.mendez@yahoo.com,Port Chester,NY
1409,Lamar,Bush,lamar.bush@msn.com,Buffalo,NY
1410,Lurlene,Finch,lurlene.finch@msn.com,Yonkers,NY
1411,Shanda,Stevenson,shanda.stevenson@yahoo.com,Freeport,NY
1412,Adrien,Hunter,adrien.hunter@yahoo.com,Rego Park,NY
1413,Ophelia,Decker,ophelia.decker@yahoo.com,New Windsor,NY
1414,Sonja,Walls,sonja.walls@aol.com,Queensbury,NY
1415,Harold,O'connor,harold.o'connor@gmail.com,Santa Cruz,CA
1416,Miranda,Kennedy,miranda.kennedy@gmail.com,Astoria,NY
1417,Jasper,Castro,jasper.castro@aol.com,Forney,TX
1418,Penni,Best,penni.best@msn.com,Anaheim,CA
1419,Lurlene,Cotton,lurlene.cotton@yahoo.com,Pleasanton,CA
1420,Kelsey,Noble,kelsey.noble@hotmail.com,Mount Vernon,NY
1421,Edris,Barrett,edris.barrett@hotmail.com,Plattsburgh,NY
1422,Tempie,Jacobson,tempie.jacobson@hotmail.com,Smithtown,NY
1423,Dollie,Cervantes,dollie.cervantes@aol.com,Fort Worth,TX
1424,Lashunda,Cole,lashunda.cole@hotmail.com,Monsey,NY
1425,Justina,Jenkins,justina.jenkins@msn.com,Shirley,NY
1426,Londa,Gould,londa.gould@aol.com,Corpus Christi,TX
1427,Mikel,Wilkerson,mikel.wilkerson@msn.com,Atwater,CA
1428,Carola,Johns,carola.johns@msn.com,Santa Cruz,CA
1429,Lorrie,Justice,lorrie.justice@gmail.com,Pomona,CA
1430,Tayna,Wade,tayna.wade@hotmail.com,Bakersfield,CA
1431,Mark,Benton,mark.benton@aol.com,East Elmhurst,NY
1432,Zona,Cameron,zona.cameron@aol.com,East Northport,NY
1433,Nicola,Knight,nicola.knight@aol.com,Scarsdale,NY
1434,Elana,Miles,elana.miles@yahoo.com,Liverpool,NY
1435,Merrie,Fowler,merrie.fowler@aol.com,Scarsdale,NY
1436,Macie,Ayers,macie.ayers@msn.com,Bellmore,NY
1437,Son,Warner,son.warner@hotmail.com,Rockville Centre,NY
1438,Lee,Dunn,lee.dunn@aol.com,San Jose,CA
1439,Florrie,Little,florrie.little@yahoo.com,New Rochelle,NY
1440,Ernest,Rollins,ernest.rollins@yahoo.com,Oakland Gardens,NY
1441,Jamaal,Morrison,jamaal.morrison@msn.com,Staten Island,NY
1442,Cassie,Cline,cassie.cline@gmail.com,Brooklyn,NY
1443,Lezlie,Lamb,lezlie.lamb@gmail.com,Central Islip,NY
1444,Ivette,Estes,ivette.estes@gmail.com,Canandaigua,NY
1445,Ester,Acevedo,ester.acevedo@gmail.com,San Lorenzo,CA
